code,status,detail
D_1NBAA472,error,"La serie D_1NBAA472 no existe"
D_1NBAB472,error,"La serie D_1NBAB472 no existe"
D_1NBAC472,error,"La serie D_1NBAC472 no existe"
D_1NBAD472,ok,"list"
D_1NBAE472,ok,"list"
D_1NBAF472,ok,"list"
D_1NBAG472,error,"La serie D_1NBAG472 no existe"
D_1NBAH472,error,"La serie D_1NBAH472 no existe"
D_1NBAI472,error,"La serie D_1NBAI472 no existe"
D_1NBAJ472,error,"La serie D_1NBAJ472 no existe"
D_1NBAK472,error,"La serie D_1NBAK472 no existe"
D_1NBAL472,error,"La serie D_1NBAL472 no existe"
D_1NBAM472,error,"La serie D_1NBAM472 no existe"
D_1NBAN472,error,"La serie D_1NBAN472 no existe"
D_1NBAO472,error,"La serie D_1NBAO472 no existe"
D_1NBAP472,error,"La serie D_1NBAP472 no existe"
D_1NBAQ472,error,"La serie D_1NBAQ472 no existe"
D_1NBAR472,error,"La serie D_1NBAR472 no existe"
D_1NBAS472,error,"La serie D_1NBAS472 no existe"
D_1NBAT472,error,"La serie D_1NBAT472 no existe"
D_1NBAU472,error,"La serie D_1NBAU472 no existe"
D_1NBAV472,error,"La serie D_1NBAV472 no existe"
D_1NBAW472,error,"La serie D_1NBAW472 no existe"
D_1NBAX472,error,"La serie D_1NBAX472 no existe"
D_1NBAY472,error,"La serie D_1NBAY472 no existe"
D_1NBAZ472,error,"La serie D_1NBAZ472 no existe"
D_1NBBA472,error,"La serie D_1NBBA472 no existe"
D_1NBBB472,error,"La serie D_1NBBB472 no existe"
D_1NBBC472,error,"La serie D_1NBBC472 no existe"
D_1NBBD472,error,"La serie D_1NBBD472 no existe"
D_1NBBE472,error,"La serie D_1NBBE472 no existe"
D_1NBBF472,error,"La serie D_1NBBF472 no existe"
D_1NBBG472,error,"La serie D_1NBBG472 no existe"
D_1NBBH472,error,"La serie D_1NBBH472 no existe"
D_1NBBI472,error,"La serie D_1NBBI472 no existe"
D_1NBBJ472,error,"La serie D_1NBBJ472 no existe"
D_1NBBK472,error,"La serie D_1NBBK472 no existe"
D_1NBBL472,error,"La serie D_1NBBL472 no existe"
D_1NBBM472,error,"La serie D_1NBBM472 no existe"
D_1NBBN472,error,"La serie D_1NBBN472 no existe"
D_1NBBO472,error,"La serie D_1NBBO472 no existe"
D_1NBBP472,error,"La serie D_1NBBP472 no existe"
D_1NBBQ472,error,"La serie D_1NBBQ472 no existe"
D_1NBBR472,error,"La serie D_1NBBR472 no existe"
D_1NBBS472,error,"La serie D_1NBBS472 no existe"
D_1NBBT472,error,"La serie D_1NBBT472 no existe"
D_1NBBU472,error,"La serie D_1NBBU472 no existe"
D_1NBBV472,error,"La serie D_1NBBV472 no existe"
D_1NBBW472,error,"La serie D_1NBBW472 no existe"
D_1NBBX472,error,"La serie D_1NBBX472 no existe"
D_1NBBY472,error,"La serie D_1NBBY472 no existe"
D_1NBBZ472,error,"La serie D_1NBBZ472 no existe"
D_1NBCA472,error,"La serie D_1NBCA472 no existe"
D_1NBCB472,error,"La serie D_1NBCB472 no existe"
D_1NBCC472,error,"La serie D_1NBCC472 no existe"
D_1NBCD472,error,"La serie D_1NBCD472 no existe"
D_1NBCE472,error,"La serie D_1NBCE472 no existe"
D_1NBCF472,error,"La serie D_1NBCF472 no existe"
D_1NBCG472,error,"La serie D_1NBCG472 no existe"
D_1NBCH472,error,"La serie D_1NBCH472 no existe"
D_1NBCI472,error,"La serie D_1NBCI472 no existe"
D_1NBCJ472,error,"La serie D_1NBCJ472 no existe"
D_1NBCK472,error,"La serie D_1NBCK472 no existe"
D_1NBCL472,error,"La serie D_1NBCL472 no existe"
D_1NBCM472,error,"La serie D_1NBCM472 no existe"
D_1NBCN472,error,"La serie D_1NBCN472 no existe"
D_1NBCO472,error,"La serie D_1NBCO472 no existe"
D_1NBCP472,error,"La serie D_1NBCP472 no existe"
D_1NBCQ472,error,"La serie D_1NBCQ472 no existe"
D_1NBCR472,error,"La serie D_1NBCR472 no existe"
D_1NBCS472,error,"La serie D_1NBCS472 no existe"
D_1NBCT472,error,"La serie D_1NBCT472 no existe"
D_1NBCU472,error,"La serie D_1NBCU472 no existe"
D_1NBCV472,error,"La serie D_1NBCV472 no existe"
D_1NBCW472,error,"La serie D_1NBCW472 no existe"
D_1NBCX472,error,"La serie D_1NBCX472 no existe"
D_1NBCY472,error,"La serie D_1NBCY472 no existe"
D_1NBCZ472,error,"La serie D_1NBCZ472 no existe"
D_1NBDA472,error,"La serie D_1NBDA472 no existe"
D_1NBDB472,error,"La serie D_1NBDB472 no existe"
D_1NBDC472,error,"La serie D_1NBDC472 no existe"
D_1NBDD472,error,"La serie D_1NBDD472 no existe"
D_1NBDE472,error,"La serie D_1NBDE472 no existe"
D_1NBDF472,error,"La serie D_1NBDF472 no existe"
D_1NBDG472,error,"La serie D_1NBDG472 no existe"
D_1NBDH472,error,"La serie D_1NBDH472 no existe"
D_1NBDI472,error,"La serie D_1NBDI472 no existe"
D_1NBDJ472,error,"La serie D_1NBDJ472 no existe"
D_1NBDK472,error,"La serie D_1NBDK472 no existe"
D_1NBDL472,error,"La serie D_1NBDL472 no existe"
D_1NBDM472,error,"La serie D_1NBDM472 no existe"
D_1NBDN472,error,"La serie D_1NBDN472 no existe"
D_1NBDO472,error,"La serie D_1NBDO472 no existe"
D_1NBDP472,error,"La serie D_1NBDP472 no existe"
D_1NBDQ472,error,"La serie D_1NBDQ472 no existe"
D_1NBDR472,error,"La serie D_1NBDR472 no existe"
D_1NBDS472,error,"La serie D_1NBDS472 no existe"
D_1NBDT472,error,"La serie D_1NBDT472 no existe"
D_1NBDU472,error,"La serie D_1NBDU472 no existe"
D_1NBDV472,error,"La serie D_1NBDV472 no existe"
D_1NBDW472,error,"La serie D_1NBDW472 no existe"
D_1NBDX472,error,"La serie D_1NBDX472 no existe"
D_1NBDY472,error,"La serie D_1NBDY472 no existe"
D_1NBDZ472,error,"La serie D_1NBDZ472 no existe"
D_1NBEA472,error,"La serie D_1NBEA472 no existe"
D_1NBEB472,error,"La serie D_1NBEB472 no existe"
D_1NBEC472,error,"La serie D_1NBEC472 no existe"
D_1NBED472,error,"La serie D_1NBED472 no existe"
D_1NBEE472,error,"La serie D_1NBEE472 no existe"
D_1NBEF472,error,"La serie D_1NBEF472 no existe"
D_1NBEG472,error,"La serie D_1NBEG472 no existe"
D_1NBEH472,error,"La serie D_1NBEH472 no existe"
D_1NBEI472,error,"La serie D_1NBEI472 no existe"
D_1NBEJ472,error,"La serie D_1NBEJ472 no existe"
D_1NBEK472,error,"La serie D_1NBEK472 no existe"
D_1NBEL472,error,"La serie D_1NBEL472 no existe"
D_1NBEM472,error,"La serie D_1NBEM472 no existe"
D_1NBEN472,error,"La serie D_1NBEN472 no existe"
D_1NBEO472,error,"La serie D_1NBEO472 no existe"
D_1NBEP472,error,"La serie D_1NBEP472 no existe"
D_1NBEQ472,error,"La serie D_1NBEQ472 no existe"
D_1NBER472,error,"La serie D_1NBER472 no existe"
D_1NBES472,error,"La serie D_1NBES472 no existe"
D_1NBET472,error,"La serie D_1NBET472 no existe"
D_1NBEU472,error,"La serie D_1NBEU472 no existe"
D_1NBEV472,error,"La serie D_1NBEV472 no existe"
D_1NBEW472,error,"La serie D_1NBEW472 no existe"
D_1NBEX472,error,"La serie D_1NBEX472 no existe"
D_1NBEY472,error,"La serie D_1NBEY472 no existe"
D_1NBEZ472,error,"La serie D_1NBEZ472 no existe"
D_1NBFA472,error,"La serie D_1NBFA472 no existe"
D_1NBFB472,error,"La serie D_1NBFB472 no existe"
D_1NBFC472,error,"La serie D_1NBFC472 no existe"
D_1NBFD472,error,"La serie D_1NBFD472 no existe"
D_1NBFE472,error,"La serie D_1NBFE472 no existe"
D_1NBFF472,error,"La serie D_1NBFF472 no existe"
D_1NBFG472,error,"La serie D_1NBFG472 no existe"
D_1NBFH472,error,"La serie D_1NBFH472 no existe"
D_1NBFI472,error,"La serie D_1NBFI472 no existe"
D_1NBFJ472,error,"La serie D_1NBFJ472 no existe"
D_1NBFK472,error,"La serie D_1NBFK472 no existe"
D_1NBFL472,error,"La serie D_1NBFL472 no existe"
D_1NBFM472,error,"La serie D_1NBFM472 no existe"
D_1NBFN472,error,"La serie D_1NBFN472 no existe"
D_1NBFO472,error,"La serie D_1NBFO472 no existe"
D_1NBFP472,error,"La serie D_1NBFP472 no existe"
D_1NBFQ472,error,"La serie D_1NBFQ472 no existe"
D_1NBFR472,error,"La serie D_1NBFR472 no existe"
D_1NBFS472,error,"La serie D_1NBFS472 no existe"
D_1NBFT472,error,"La serie D_1NBFT472 no existe"
D_1NBFU472,error,"La serie D_1NBFU472 no existe"
D_1NBFV472,error,"La serie D_1NBFV472 no existe"
D_1NBFW472,error,"La serie D_1NBFW472 no existe"
D_1NBFX472,error,"La serie D_1NBFX472 no existe"
D_1NBFY472,error,"La serie D_1NBFY472 no existe"
D_1NBFZ472,error,"La serie D_1NBFZ472 no existe"
D_1NBGA472,error,"La serie D_1NBGA472 no existe"
D_1NBGB472,error,"La serie D_1NBGB472 no existe"
D_1NBGC472,error,"La serie D_1NBGC472 no existe"
D_1NBGD472,error,"La serie D_1NBGD472 no existe"
D_1NBGE472,error,"La serie D_1NBGE472 no existe"
D_1NBGF472,error,"La serie D_1NBGF472 no existe"
D_1NBGG472,error,"La serie D_1NBGG472 no existe"
D_1NBGH472,error,"La serie D_1NBGH472 no existe"
D_1NBGI472,error,"La serie D_1NBGI472 no existe"
D_1NBGJ472,error,"La serie D_1NBGJ472 no existe"
D_1NBGK472,error,"La serie D_1NBGK472 no existe"
D_1NBGL472,error,"La serie D_1NBGL472 no existe"
D_1NBGM472,error,"La serie D_1NBGM472 no existe"
D_1NBGN472,error,"La serie D_1NBGN472 no existe"
D_1NBGO472,error,"La serie D_1NBGO472 no existe"
D_1NBGP472,error,"La serie D_1NBGP472 no existe"
D_1NBGQ472,error,"La serie D_1NBGQ472 no existe"
D_1NBGR472,error,"La serie D_1NBGR472 no existe"
D_1NBGS472,error,"La serie D_1NBGS472 no existe"
D_1NBGT472,error,"La serie D_1NBGT472 no existe"
D_1NBGU472,error,"La serie D_1NBGU472 no existe"
D_1NBGV472,error,"La serie D_1NBGV472 no existe"
D_1NBGW472,error,"La serie D_1NBGW472 no existe"
D_1NBGX472,error,"La serie D_1NBGX472 no existe"
D_1NBGY472,error,"La serie D_1NBGY472 no existe"
D_1NBGZ472,error,"La serie D_1NBGZ472 no existe"
D_1NBHA472,error,"La serie D_1NBHA472 no existe"
D_1NBHB472,error,"La serie D_1NBHB472 no existe"
D_1NBHC472,error,"La serie D_1NBHC472 no existe"
D_1NBHD472,error,"La serie D_1NBHD472 no existe"
D_1NBHE472,error,"La serie D_1NBHE472 no existe"
D_1NBHF472,error,"La serie D_1NBHF472 no existe"
D_1NBHG472,error,"La serie D_1NBHG472 no existe"
D_1NBHH472,error,"La serie D_1NBHH472 no existe"
D_1NBHI472,error,"La serie D_1NBHI472 no existe"
D_1NBHJ472,error,"La serie D_1NBHJ472 no existe"
D_1NBHK472,error,"La serie D_1NBHK472 no existe"
D_1NBHL472,error,"La serie D_1NBHL472 no existe"
D_1NBHM472,error,"La serie D_1NBHM472 no existe"
D_1NBHN472,error,"La serie D_1NBHN472 no existe"
D_1NBHO472,error,"La serie D_1NBHO472 no existe"
D_1NBHP472,error,"La serie D_1NBHP472 no existe"
D_1NBHQ472,error,"La serie D_1NBHQ472 no existe"
D_1NBHR472,error,"La serie D_1NBHR472 no existe"
D_1NBHS472,error,"La serie D_1NBHS472 no existe"
D_1NBHT472,error,"La serie D_1NBHT472 no existe"
D_1NBHU472,error,"La serie D_1NBHU472 no existe"
D_1NBHV472,error,"La serie D_1NBHV472 no existe"
D_1NBHW472,error,"La serie D_1NBHW472 no existe"
D_1NBHX472,error,"La serie D_1NBHX472 no existe"
D_1NBHY472,error,"La serie D_1NBHY472 no existe"
D_1NBHZ472,error,"La serie D_1NBHZ472 no existe"
D_1NBIA472,error,"La serie D_1NBIA472 no existe"
D_1NBIB472,error,"La serie D_1NBIB472 no existe"
D_1NBIC472,error,"La serie D_1NBIC472 no existe"
D_1NBID472,error,"La serie D_1NBID472 no existe"
D_1NBIE472,error,"La serie D_1NBIE472 no existe"
D_1NBIF472,error,"La serie D_1NBIF472 no existe"
D_1NBIG472,error,"La serie D_1NBIG472 no existe"
D_1NBIH472,error,"La serie D_1NBIH472 no existe"
D_1NBII472,error,"La serie D_1NBII472 no existe"
D_1NBIJ472,error,"La serie D_1NBIJ472 no existe"
D_1NBIK472,error,"La serie D_1NBIK472 no existe"
D_1NBIL472,error,"La serie D_1NBIL472 no existe"
D_1NBIM472,error,"La serie D_1NBIM472 no existe"
D_1NBIN472,error,"La serie D_1NBIN472 no existe"
D_1NBIO472,error,"La serie D_1NBIO472 no existe"
D_1NBIP472,error,"La serie D_1NBIP472 no existe"
D_1NBIQ472,error,"La serie D_1NBIQ472 no existe"
D_1NBIR472,error,"La serie D_1NBIR472 no existe"
D_1NBIS472,error,"La serie D_1NBIS472 no existe"
D_1NBIT472,error,"La serie D_1NBIT472 no existe"
D_1NBIU472,error,"La serie D_1NBIU472 no existe"
D_1NBIV472,error,"La serie D_1NBIV472 no existe"
D_1NBIW472,error,"La serie D_1NBIW472 no existe"
D_1NBIX472,error,"La serie D_1NBIX472 no existe"
D_1NBIY472,error,"La serie D_1NBIY472 no existe"
D_1NBIZ472,error,"La serie D_1NBIZ472 no existe"
D_1NBJA472,error,"La serie D_1NBJA472 no existe"
D_1NBJB472,error,"La serie D_1NBJB472 no existe"
D_1NBJC472,error,"La serie D_1NBJC472 no existe"
D_1NBJD472,error,"La serie D_1NBJD472 no existe"
D_1NBJE472,error,"La serie D_1NBJE472 no existe"
D_1NBJF472,error,"La serie D_1NBJF472 no existe"
D_1NBJG472,error,"La serie D_1NBJG472 no existe"
D_1NBJH472,error,"La serie D_1NBJH472 no existe"
D_1NBJI472,error,"La serie D_1NBJI472 no existe"
D_1NBJJ472,error,"La serie D_1NBJJ472 no existe"
D_1NBJK472,error,"La serie D_1NBJK472 no existe"
D_1NBJL472,error,"La serie D_1NBJL472 no existe"
D_1NBJM472,error,"La serie D_1NBJM472 no existe"
D_1NBJN472,error,"La serie D_1NBJN472 no existe"
D_1NBJO472,error,"La serie D_1NBJO472 no existe"
D_1NBJP472,error,"La serie D_1NBJP472 no existe"
D_1NBJQ472,error,"La serie D_1NBJQ472 no existe"
D_1NBJR472,error,"La serie D_1NBJR472 no existe"
D_1NBJS472,error,"La serie D_1NBJS472 no existe"
D_1NBJT472,error,"La serie D_1NBJT472 no existe"
D_1NBJU472,error,"La serie D_1NBJU472 no existe"
D_1NBJV472,error,"La serie D_1NBJV472 no existe"
D_1NBJW472,error,"La serie D_1NBJW472 no existe"
D_1NBJX472,error,"La serie D_1NBJX472 no existe"
D_1NBJY472,error,"La serie D_1NBJY472 no existe"
D_1NBJZ472,error,"La serie D_1NBJZ472 no existe"
D_1NBKA472,error,"La serie D_1NBKA472 no existe"
D_1NBKB472,error,"La serie D_1NBKB472 no existe"
D_1NBKC472,error,"La serie D_1NBKC472 no existe"
D_1NBKD472,error,"La serie D_1NBKD472 no existe"
D_1NBKE472,error,"La serie D_1NBKE472 no existe"
D_1NBKF472,error,"La serie D_1NBKF472 no existe"
D_1NBKG472,error,"La serie D_1NBKG472 no existe"
D_1NBKH472,error,"La serie D_1NBKH472 no existe"
D_1NBKI472,error,"La serie D_1NBKI472 no existe"
D_1NBKJ472,error,"La serie D_1NBKJ472 no existe"
D_1NBKK472,error,"La serie D_1NBKK472 no existe"
D_1NBKL472,error,"La serie D_1NBKL472 no existe"
D_1NBKM472,error,"La serie D_1NBKM472 no existe"
D_1NBKN472,error,"La serie D_1NBKN472 no existe"
D_1NBKO472,error,"La serie D_1NBKO472 no existe"
D_1NBKP472,error,"La serie D_1NBKP472 no existe"
D_1NBKQ472,error,"La serie D_1NBKQ472 no existe"
D_1NBKR472,error,"La serie D_1NBKR472 no existe"
D_1NBKS472,error,"La serie D_1NBKS472 no existe"
D_1NBKT472,error,"La serie D_1NBKT472 no existe"
D_1NBKU472,error,"La serie D_1NBKU472 no existe"
D_1NBKV472,error,"La serie D_1NBKV472 no existe"
D_1NBKW472,error,"La serie D_1NBKW472 no existe"
D_1NBKX472,error,"La serie D_1NBKX472 no existe"
D_1NBKY472,error,"La serie D_1NBKY472 no existe"
D_1NBKZ472,error,"La serie D_1NBKZ472 no existe"
D_1NBLA472,error,"La serie D_1NBLA472 no existe"
D_1NBLB472,error,"La serie D_1NBLB472 no existe"
D_1NBLC472,error,"La serie D_1NBLC472 no existe"
D_1NBLD472,error,"La serie D_1NBLD472 no existe"
D_1NBLE472,error,"La serie D_1NBLE472 no existe"
D_1NBLF472,error,"La serie D_1NBLF472 no existe"
D_1NBLG472,error,"La serie D_1NBLG472 no existe"
D_1NBLH472,error,"La serie D_1NBLH472 no existe"
D_1NBLI472,error,"La serie D_1NBLI472 no existe"
D_1NBLJ472,error,"La serie D_1NBLJ472 no existe"
D_1NBLK472,error,"La serie D_1NBLK472 no existe"
D_1NBLL472,error,"La serie D_1NBLL472 no existe"
D_1NBLM472,error,"La serie D_1NBLM472 no existe"
D_1NBLN472,error,"La serie D_1NBLN472 no existe"
D_1NBLO472,error,"La serie D_1NBLO472 no existe"
D_1NBLP472,error,"La serie D_1NBLP472 no existe"
D_1NBLQ472,error,"La serie D_1NBLQ472 no existe"
D_1NBLR472,error,"La serie D_1NBLR472 no existe"
D_1NBLS472,error,"La serie D_1NBLS472 no existe"
D_1NBLT472,error,"La serie D_1NBLT472 no existe"
D_1NBLU472,error,"La serie D_1NBLU472 no existe"
D_1NBLV472,error,"La serie D_1NBLV472 no existe"
D_1NBLW472,error,"La serie D_1NBLW472 no existe"
D_1NBLX472,error,"La serie D_1NBLX472 no existe"
D_1NBLY472,error,"La serie D_1NBLY472 no existe"
D_1NBLZ472,error,"La serie D_1NBLZ472 no existe"
D_1NBMA472,error,"La serie D_1NBMA472 no existe"
D_1NBMB472,error,"La serie D_1NBMB472 no existe"
D_1NBMC472,error,"La serie D_1NBMC472 no existe"
D_1NBMD472,error,"La serie D_1NBMD472 no existe"
D_1NBME472,error,"La serie D_1NBME472 no existe"
D_1NBMF472,error,"La serie D_1NBMF472 no existe"
D_1NBMG472,error,"La serie D_1NBMG472 no existe"
D_1NBMH472,error,"La serie D_1NBMH472 no existe"
D_1NBMI472,error,"La serie D_1NBMI472 no existe"
D_1NBMJ472,error,"La serie D_1NBMJ472 no existe"
D_1NBMK472,error,"La serie D_1NBMK472 no existe"
D_1NBML472,error,"La serie D_1NBML472 no existe"
D_1NBMM472,error,"La serie D_1NBMM472 no existe"
D_1NBMN472,error,"La serie D_1NBMN472 no existe"
D_1NBMO472,error,"La serie D_1NBMO472 no existe"
D_1NBMP472,error,"La serie D_1NBMP472 no existe"
D_1NBMQ472,error,"La serie D_1NBMQ472 no existe"
D_1NBMR472,error,"La serie D_1NBMR472 no existe"
D_1NBMS472,error,"La serie D_1NBMS472 no existe"
D_1NBMT472,error,"La serie D_1NBMT472 no existe"
D_1NBMU472,error,"La serie D_1NBMU472 no existe"
D_1NBMV472,error,"La serie D_1NBMV472 no existe"
D_1NBMW472,error,"La serie D_1NBMW472 no existe"
D_1NBMX472,error,"La serie D_1NBMX472 no existe"
D_1NBMY472,error,"La serie D_1NBMY472 no existe"
D_1NBMZ472,error,"La serie D_1NBMZ472 no existe"
D_1NBNA472,error,"La serie D_1NBNA472 no existe"
D_1NBNB472,error,"La serie D_1NBNB472 no existe"
D_1NBNC472,error,"La serie D_1NBNC472 no existe"
D_1NBND472,error,"La serie D_1NBND472 no existe"
D_1NBNE472,error,"La serie D_1NBNE472 no existe"
D_1NBNF472,error,"La serie D_1NBNF472 no existe"
D_1NBNG472,error,"La serie D_1NBNG472 no existe"
D_1NBNH472,error,"La serie D_1NBNH472 no existe"
D_1NBNI472,error,"La serie D_1NBNI472 no existe"
D_1NBNJ472,error,"La serie D_1NBNJ472 no existe"
D_1NBNK472,error,"La serie D_1NBNK472 no existe"
D_1NBNL472,error,"La serie D_1NBNL472 no existe"
D_1NBNM472,error,"La serie D_1NBNM472 no existe"
D_1NBNN472,error,"La serie D_1NBNN472 no existe"
D_1NBNO472,error,"La serie D_1NBNO472 no existe"
D_1NBNP472,error,"La serie D_1NBNP472 no existe"
D_1NBNQ472,error,"La serie D_1NBNQ472 no existe"
D_1NBNR472,error,"La serie D_1NBNR472 no existe"
D_1NBNS472,error,"La serie D_1NBNS472 no existe"
D_1NBNT472,error,"La serie D_1NBNT472 no existe"
D_1NBNU472,error,"La serie D_1NBNU472 no existe"
D_1NBNV472,error,"La serie D_1NBNV472 no existe"
D_1NBNW472,error,"La serie D_1NBNW472 no existe"
D_1NBNX472,error,"La serie D_1NBNX472 no existe"
D_1NBNY472,error,"La serie D_1NBNY472 no existe"
D_1NBNZ472,error,"La serie D_1NBNZ472 no existe"
D_1NBOA472,error,"La serie D_1NBOA472 no existe"
D_1NBOB472,error,"La serie D_1NBOB472 no existe"
D_1NBOC472,error,"La serie D_1NBOC472 no existe"
D_1NBOD472,error,"La serie D_1NBOD472 no existe"
D_1NBOE472,error,"La serie D_1NBOE472 no existe"
D_1NBOF472,error,"La serie D_1NBOF472 no existe"
D_1NBOG472,error,"La serie D_1NBOG472 no existe"
D_1NBOH472,error,"La serie D_1NBOH472 no existe"
D_1NBOI472,error,"La serie D_1NBOI472 no existe"
D_1NBOJ472,error,"La serie D_1NBOJ472 no existe"
D_1NBOK472,error,"La serie D_1NBOK472 no existe"
D_1NBOL472,error,"La serie D_1NBOL472 no existe"
D_1NBOM472,error,"La serie D_1NBOM472 no existe"
D_1NBON472,error,"La serie D_1NBON472 no existe"
D_1NBOO472,error,"La serie D_1NBOO472 no existe"
D_1NBOP472,error,"La serie D_1NBOP472 no existe"
D_1NBOQ472,error,"La serie D_1NBOQ472 no existe"
D_1NBOR472,error,"La serie D_1NBOR472 no existe"
D_1NBOS472,error,"La serie D_1NBOS472 no existe"
D_1NBOT472,error,"La serie D_1NBOT472 no existe"
D_1NBOU472,error,"La serie D_1NBOU472 no existe"
D_1NBOV472,error,"La serie D_1NBOV472 no existe"
D_1NBOW472,error,"La serie D_1NBOW472 no existe"
D_1NBOX472,error,"La serie D_1NBOX472 no existe"
D_1NBOY472,error,"La serie D_1NBOY472 no existe"
D_1NBOZ472,error,"La serie D_1NBOZ472 no existe"
D_1NBPA472,error,"La serie D_1NBPA472 no existe"
D_1NBPB472,error,"La serie D_1NBPB472 no existe"
D_1NBPC472,error,"La serie D_1NBPC472 no existe"
D_1NBPD472,error,"La serie D_1NBPD472 no existe"
D_1NBPE472,error,"La serie D_1NBPE472 no existe"
D_1NBPF472,error,"La serie D_1NBPF472 no existe"
D_1NBPG472,error,"La serie D_1NBPG472 no existe"
D_1NBPH472,error,"La serie D_1NBPH472 no existe"
D_1NBPI472,error,"La serie D_1NBPI472 no existe"
D_1NBPJ472,error,"La serie D_1NBPJ472 no existe"
D_1NBPK472,error,"La serie D_1NBPK472 no existe"
D_1NBPL472,error,"La serie D_1NBPL472 no existe"
D_1NBPM472,error,"La serie D_1NBPM472 no existe"
D_1NBPN472,error,"La serie D_1NBPN472 no existe"
D_1NBPO472,error,"La serie D_1NBPO472 no existe"
D_1NBPP472,error,"La serie D_1NBPP472 no existe"
D_1NBPQ472,error,"La serie D_1NBPQ472 no existe"
D_1NBPR472,error,"La serie D_1NBPR472 no existe"
D_1NBPS472,error,"La serie D_1NBPS472 no existe"
D_1NBPT472,error,"La serie D_1NBPT472 no existe"
D_1NBPU472,error,"La serie D_1NBPU472 no existe"
D_1NBPV472,error,"La serie D_1NBPV472 no existe"
D_1NBPW472,error,"La serie D_1NBPW472 no existe"
D_1NBPX472,error,"La serie D_1NBPX472 no existe"
D_1NBPY472,error,"La serie D_1NBPY472 no existe"
D_1NBPZ472,error,"La serie D_1NBPZ472 no existe"
D_1NBQA472,error,"La serie D_1NBQA472 no existe"
D_1NBQB472,error,"La serie D_1NBQB472 no existe"
D_1NBQC472,error,"La serie D_1NBQC472 no existe"
D_1NBQD472,error,"La serie D_1NBQD472 no existe"
D_1NBQE472,error,"La serie D_1NBQE472 no existe"
D_1NBQF472,error,"La serie D_1NBQF472 no existe"
D_1NBQG472,error,"La serie D_1NBQG472 no existe"
D_1NBQH472,error,"La serie D_1NBQH472 no existe"
D_1NBQI472,error,"La serie D_1NBQI472 no existe"
D_1NBQJ472,error,"La serie D_1NBQJ472 no existe"
D_1NBQK472,error,"La serie D_1NBQK472 no existe"
D_1NBQL472,error,"La serie D_1NBQL472 no existe"
D_1NBQM472,error,"La serie D_1NBQM472 no existe"
D_1NBQN472,error,"La serie D_1NBQN472 no existe"
D_1NBQO472,error,"La serie D_1NBQO472 no existe"
D_1NBQP472,error,"La serie D_1NBQP472 no existe"
D_1NBQQ472,error,"La serie D_1NBQQ472 no existe"
D_1NBQR472,error,"La serie D_1NBQR472 no existe"
D_1NBQS472,error,"La serie D_1NBQS472 no existe"
D_1NBQT472,error,"La serie D_1NBQT472 no existe"
D_1NBQU472,error,"La serie D_1NBQU472 no existe"
D_1NBQV472,error,"La serie D_1NBQV472 no existe"
D_1NBQW472,error,"La serie D_1NBQW472 no existe"
D_1NBQX472,error,"La serie D_1NBQX472 no existe"
D_1NBQY472,error,"La serie D_1NBQY472 no existe"
D_1NBQZ472,error,"La serie D_1NBQZ472 no existe"
D_1NBRA472,error,"La serie D_1NBRA472 no existe"
D_1NBRB472,error,"La serie D_1NBRB472 no existe"
D_1NBRC472,error,"La serie D_1NBRC472 no existe"
D_1NBRD472,error,"La serie D_1NBRD472 no existe"
D_1NBRE472,error,"La serie D_1NBRE472 no existe"
D_1NBRF472,error,"La serie D_1NBRF472 no existe"
D_1NBRG472,error,"La serie D_1NBRG472 no existe"
D_1NBRH472,error,"La serie D_1NBRH472 no existe"
D_1NBRI472,error,"La serie D_1NBRI472 no existe"
D_1NBRJ472,error,"La serie D_1NBRJ472 no existe"
D_1NBRK472,error,"La serie D_1NBRK472 no existe"
D_1NBRL472,error,"La serie D_1NBRL472 no existe"
D_1NBRM472,error,"La serie D_1NBRM472 no existe"
D_1NBRN472,error,"La serie D_1NBRN472 no existe"
D_1NBRO472,error,"La serie D_1NBRO472 no existe"
D_1NBRP472,error,"La serie D_1NBRP472 no existe"
D_1NBRQ472,error,"La serie D_1NBRQ472 no existe"
D_1NBRR472,error,"La serie D_1NBRR472 no existe"
D_1NBRS472,error,"La serie D_1NBRS472 no existe"
D_1NBRT472,error,"La serie D_1NBRT472 no existe"
D_1NBRU472,error,"La serie D_1NBRU472 no existe"
D_1NBRV472,error,"La serie D_1NBRV472 no existe"
D_1NBRW472,error,"La serie D_1NBRW472 no existe"
D_1NBRX472,error,"La serie D_1NBRX472 no existe"
D_1NBRY472,error,"La serie D_1NBRY472 no existe"
D_1NBRZ472,error,"La serie D_1NBRZ472 no existe"
D_1NBSA472,error,"La serie D_1NBSA472 no existe"
D_1NBSB472,error,"La serie D_1NBSB472 no existe"
D_1NBSC472,error,"La serie D_1NBSC472 no existe"
D_1NBSD472,error,"La serie D_1NBSD472 no existe"
D_1NBSE472,error,"La serie D_1NBSE472 no existe"
D_1NBSF472,error,"La serie D_1NBSF472 no existe"
D_1NBSG472,error,"La serie D_1NBSG472 no existe"
D_1NBSH472,error,"La serie D_1NBSH472 no existe"
D_1NBSI472,error,"La serie D_1NBSI472 no existe"
D_1NBSJ472,error,"La serie D_1NBSJ472 no existe"
D_1NBSK472,error,"La serie D_1NBSK472 no existe"
D_1NBSL472,error,"La serie D_1NBSL472 no existe"
D_1NBSM472,error,"La serie D_1NBSM472 no existe"
D_1NBSN472,error,"La serie D_1NBSN472 no existe"
D_1NBSO472,error,"La serie D_1NBSO472 no existe"
D_1NBSP472,error,"La serie D_1NBSP472 no existe"
D_1NBSQ472,error,"La serie D_1NBSQ472 no existe"
D_1NBSR472,error,"La serie D_1NBSR472 no existe"
D_1NBSS472,error,"La serie D_1NBSS472 no existe"
D_1NBST472,error,"La serie D_1NBST472 no existe"
D_1NBSU472,error,"La serie D_1NBSU472 no existe"
D_1NBSV472,error,"La serie D_1NBSV472 no existe"
D_1NBSW472,error,"La serie D_1NBSW472 no existe"
D_1NBSX472,error,"La serie D_1NBSX472 no existe"
D_1NBSY472,error,"La serie D_1NBSY472 no existe"
D_1NBSZ472,error,"La serie D_1NBSZ472 no existe"
D_1NBTA472,error,"La serie D_1NBTA472 no existe"
D_1NBTB472,error,"La serie D_1NBTB472 no existe"
D_1NBTC472,error,"La serie D_1NBTC472 no existe"
D_1NBTD472,error,"La serie D_1NBTD472 no existe"
D_1NBTE472,error,"La serie D_1NBTE472 no existe"
D_1NBTF472,error,"La serie D_1NBTF472 no existe"
D_1NBTG472,error,"La serie D_1NBTG472 no existe"
D_1NBTH472,error,"La serie D_1NBTH472 no existe"
D_1NBTI472,error,"La serie D_1NBTI472 no existe"
D_1NBTJ472,error,"La serie D_1NBTJ472 no existe"
D_1NBTK472,error,"La serie D_1NBTK472 no existe"
D_1NBTL472,error,"La serie D_1NBTL472 no existe"
D_1NBTM472,error,"La serie D_1NBTM472 no existe"
D_1NBTN472,error,"La serie D_1NBTN472 no existe"
D_1NBTO472,error,"La serie D_1NBTO472 no existe"
D_1NBTP472,error,"La serie D_1NBTP472 no existe"
D_1NBTQ472,error,"La serie D_1NBTQ472 no existe"
D_1NBTR472,error,"La serie D_1NBTR472 no existe"
D_1NBTS472,error,"La serie D_1NBTS472 no existe"
D_1NBTT472,error,"La serie D_1NBTT472 no existe"
D_1NBTU472,error,"La serie D_1NBTU472 no existe"
D_1NBTV472,error,"La serie D_1NBTV472 no existe"
D_1NBTW472,error,"La serie D_1NBTW472 no existe"
D_1NBTX472,error,"La serie D_1NBTX472 no existe"
D_1NBTY472,error,"La serie D_1NBTY472 no existe"
D_1NBTZ472,error,"La serie D_1NBTZ472 no existe"
D_1NBUA472,error,"La serie D_1NBUA472 no existe"
D_1NBUB472,error,"La serie D_1NBUB472 no existe"
D_1NBUC472,error,"La serie D_1NBUC472 no existe"
D_1NBUD472,error,"La serie D_1NBUD472 no existe"
D_1NBUE472,error,"La serie D_1NBUE472 no existe"
D_1NBUF472,error,"La serie D_1NBUF472 no existe"
D_1NBUG472,error,"La serie D_1NBUG472 no existe"
D_1NBUH472,error,"La serie D_1NBUH472 no existe"
D_1NBUI472,error,"La serie D_1NBUI472 no existe"
D_1NBUJ472,error,"La serie D_1NBUJ472 no existe"
D_1NBUK472,error,"La serie D_1NBUK472 no existe"
D_1NBUL472,error,"La serie D_1NBUL472 no existe"
D_1NBUM472,error,"La serie D_1NBUM472 no existe"
D_1NBUN472,error,"La serie D_1NBUN472 no existe"
D_1NBUO472,error,"La serie D_1NBUO472 no existe"
D_1NBUP472,error,"La serie D_1NBUP472 no existe"
D_1NBUQ472,error,"La serie D_1NBUQ472 no existe"
D_1NBUR472,error,"La serie D_1NBUR472 no existe"
D_1NBUS472,error,"La serie D_1NBUS472 no existe"
D_1NBUT472,error,"La serie D_1NBUT472 no existe"
D_1NBUU472,error,"La serie D_1NBUU472 no existe"
D_1NBUV472,error,"La serie D_1NBUV472 no existe"
D_1NBUW472,error,"La serie D_1NBUW472 no existe"
D_1NBUX472,error,"La serie D_1NBUX472 no existe"
D_1NBUY472,error,"La serie D_1NBUY472 no existe"
D_1NBUZ472,error,"La serie D_1NBUZ472 no existe"
D_1NBVA472,error,"La serie D_1NBVA472 no existe"
D_1NBVB472,error,"La serie D_1NBVB472 no existe"
D_1NBVC472,error,"La serie D_1NBVC472 no existe"
D_1NBVD472,error,"La serie D_1NBVD472 no existe"
D_1NBVE472,error,"La serie D_1NBVE472 no existe"
D_1NBVF472,error,"La serie D_1NBVF472 no existe"
D_1NBVG472,error,"La serie D_1NBVG472 no existe"
D_1NBVH472,error,"La serie D_1NBVH472 no existe"
D_1NBVI472,error,"La serie D_1NBVI472 no existe"
D_1NBVJ472,error,"La serie D_1NBVJ472 no existe"
D_1NBVK472,error,"La serie D_1NBVK472 no existe"
D_1NBVL472,error,"La serie D_1NBVL472 no existe"
D_1NBVM472,error,"La serie D_1NBVM472 no existe"
D_1NBVN472,error,"La serie D_1NBVN472 no existe"
D_1NBVO472,error,"La serie D_1NBVO472 no existe"
D_1NBVP472,error,"La serie D_1NBVP472 no existe"
D_1NBVQ472,error,"La serie D_1NBVQ472 no existe"
D_1NBVR472,error,"La serie D_1NBVR472 no existe"
D_1NBVS472,error,"La serie D_1NBVS472 no existe"
D_1NBVT472,error,"La serie D_1NBVT472 no existe"
D_1NBVU472,error,"La serie D_1NBVU472 no existe"
D_1NBVV472,error,"La serie D_1NBVV472 no existe"
D_1NBVW472,error,"La serie D_1NBVW472 no existe"
D_1NBVX472,error,"La serie D_1NBVX472 no existe"
D_1NBVY472,error,"La serie D_1NBVY472 no existe"
D_1NBVZ472,error,"La serie D_1NBVZ472 no existe"
D_1NBWA472,error,"La serie D_1NBWA472 no existe"
D_1NBWB472,error,"La serie D_1NBWB472 no existe"
D_1NBWC472,error,"La serie D_1NBWC472 no existe"
D_1NBWD472,error,"La serie D_1NBWD472 no existe"
D_1NBWE472,error,"La serie D_1NBWE472 no existe"
D_1NBWF472,error,"La serie D_1NBWF472 no existe"
D_1NBWG472,error,"La serie D_1NBWG472 no existe"
D_1NBWH472,error,"La serie D_1NBWH472 no existe"
D_1NBWI472,error,"La serie D_1NBWI472 no existe"
D_1NBWJ472,error,"La serie D_1NBWJ472 no existe"
D_1NBWK472,error,"La serie D_1NBWK472 no existe"
D_1NBWL472,error,"La serie D_1NBWL472 no existe"
D_1NBWM472,error,"La serie D_1NBWM472 no existe"
D_1NBWN472,error,"La serie D_1NBWN472 no existe"
D_1NBWO472,error,"La serie D_1NBWO472 no existe"
D_1NBWP472,error,"La serie D_1NBWP472 no existe"
D_1NBWQ472,error,"La serie D_1NBWQ472 no existe"
D_1NBWR472,error,"La serie D_1NBWR472 no existe"
D_1NBWS472,error,"La serie D_1NBWS472 no existe"
D_1NBWT472,error,"La serie D_1NBWT472 no existe"
D_1NBWU472,error,"La serie D_1NBWU472 no existe"
D_1NBWV472,error,"La serie D_1NBWV472 no existe"
D_1NBWW472,error,"La serie D_1NBWW472 no existe"
D_1NBWX472,error,"La serie D_1NBWX472 no existe"
D_1NBWY472,error,"La serie D_1NBWY472 no existe"
D_1NBWZ472,error,"La serie D_1NBWZ472 no existe"
D_1NBXA472,error,"La serie D_1NBXA472 no existe"
D_1NBXB472,error,"La serie D_1NBXB472 no existe"
D_1NBXC472,error,"La serie D_1NBXC472 no existe"
D_1NBXD472,error,"La serie D_1NBXD472 no existe"
D_1NBXE472,error,"La serie D_1NBXE472 no existe"
D_1NBXF472,error,"La serie D_1NBXF472 no existe"
D_1NBXG472,error,"La serie D_1NBXG472 no existe"
D_1NBXH472,error,"La serie D_1NBXH472 no existe"
D_1NBXI472,error,"La serie D_1NBXI472 no existe"
D_1NBXJ472,error,"La serie D_1NBXJ472 no existe"
D_1NBXK472,error,"La serie D_1NBXK472 no existe"
D_1NBXL472,error,"La serie D_1NBXL472 no existe"
D_1NBXM472,error,"La serie D_1NBXM472 no existe"
D_1NBXN472,error,"La serie D_1NBXN472 no existe"
D_1NBXO472,error,"La serie D_1NBXO472 no existe"
D_1NBXP472,error,"La serie D_1NBXP472 no existe"
D_1NBXQ472,error,"La serie D_1NBXQ472 no existe"
D_1NBXR472,error,"La serie D_1NBXR472 no existe"
D_1NBXS472,error,"La serie D_1NBXS472 no existe"
D_1NBXT472,error,"La serie D_1NBXT472 no existe"
D_1NBXU472,error,"La serie D_1NBXU472 no existe"
D_1NBXV472,error,"La serie D_1NBXV472 no existe"
D_1NBXW472,error,"La serie D_1NBXW472 no existe"
D_1NBXX472,error,"La serie D_1NBXX472 no existe"
D_1NBXY472,error,"La serie D_1NBXY472 no existe"
D_1NBXZ472,error,"La serie D_1NBXZ472 no existe"
D_1NBYA472,error,"La serie D_1NBYA472 no existe"
D_1NBYB472,error,"La serie D_1NBYB472 no existe"
D_1NBYC472,error,"La serie D_1NBYC472 no existe"
D_1NBYD472,error,"La serie D_1NBYD472 no existe"
D_1NBYE472,error,"La serie D_1NBYE472 no existe"
D_1NBYF472,error,"La serie D_1NBYF472 no existe"
D_1NBYG472,error,"La serie D_1NBYG472 no existe"
D_1NBYH472,error,"La serie D_1NBYH472 no existe"
D_1NBYI472,error,"La serie D_1NBYI472 no existe"
D_1NBYJ472,error,"La serie D_1NBYJ472 no existe"
D_1NBYK472,error,"La serie D_1NBYK472 no existe"
D_1NBYL472,error,"La serie D_1NBYL472 no existe"
D_1NBYM472,error,"La serie D_1NBYM472 no existe"
D_1NBYN472,error,"La serie D_1NBYN472 no existe"
D_1NBYO472,error,"La serie D_1NBYO472 no existe"
D_1NBYP472,error,"La serie D_1NBYP472 no existe"
D_1NBYQ472,error,"La serie D_1NBYQ472 no existe"
D_1NBYR472,error,"La serie D_1NBYR472 no existe"
D_1NBYS472,error,"La serie D_1NBYS472 no existe"
D_1NBYT472,error,"La serie D_1NBYT472 no existe"
D_1NBYU472,error,"La serie D_1NBYU472 no existe"
D_1NBYV472,error,"La serie D_1NBYV472 no existe"
D_1NBYW472,error,"La serie D_1NBYW472 no existe"
D_1NBYX472,error,"La serie D_1NBYX472 no existe"
D_1NBYY472,error,"La serie D_1NBYY472 no existe"
D_1NBYZ472,error,"La serie D_1NBYZ472 no existe"
D_1NBZA472,error,"La serie D_1NBZA472 no existe"
D_1NBZB472,error,"La serie D_1NBZB472 no existe"
D_1NBZC472,error,"La serie D_1NBZC472 no existe"
D_1NBZD472,error,"La serie D_1NBZD472 no existe"
D_1NBZE472,error,"La serie D_1NBZE472 no existe"
D_1NBZF472,error,"La serie D_1NBZF472 no existe"
D_1NBZG472,error,"La serie D_1NBZG472 no existe"
D_1NBZH472,error,"La serie D_1NBZH472 no existe"
D_1NBZI472,error,"La serie D_1NBZI472 no existe"
D_1NBZJ472,error,"La serie D_1NBZJ472 no existe"
D_1NBZK472,error,"La serie D_1NBZK472 no existe"
D_1NBZL472,error,"La serie D_1NBZL472 no existe"
D_1NBZM472,error,"La serie D_1NBZM472 no existe"
D_1NBZN472,error,"La serie D_1NBZN472 no existe"
D_1NBZO472,error,"La serie D_1NBZO472 no existe"
D_1NBZP472,error,"La serie D_1NBZP472 no existe"
D_1NBZQ472,error,"La serie D_1NBZQ472 no existe"
D_1NBZR472,error,"La serie D_1NBZR472 no existe"
D_1NBZS472,error,"La serie D_1NBZS472 no existe"
D_1NBZT472,error,"La serie D_1NBZT472 no existe"
D_1NBZU472,error,"La serie D_1NBZU472 no existe"
D_1NBZV472,error,"La serie D_1NBZV472 no existe"
D_1NBZW472,error,"La serie D_1NBZW472 no existe"
D_1NBZX472,error,"La serie D_1NBZX472 no existe"
D_1NBZY472,error,"La serie D_1NBZY472 no existe"
D_1NBZZ472,error,"La serie D_1NBZZ472 no existe"
