D_1NBAF420,error,non_json
{
  "errNum": 412,
  "errMsgUsr": "Error de validación en la solicitud",
  "errMsgDebug": "La serie D_1NBAF420 no existe"
}
D_1NBAF421,error,non_json
{
  "errNum": 412,
  "errMsgUsr": "Error de validación en la solicitud",
  "errMsgDebug": "La serie D_1NBAF421 no existe"
}
D_1NBAF422,error,non_json
{
  "errNum": 412,
  "errMsgUsr": "Error de validación en la solicitud",
  "errMsgDebug": "La serie D_1NBAF422 no existe"
}
D_1NBAF423,error,non_json
{
  "errNum": 412,
  "errMsgUsr": "Error de validación en la solicitud",
  "errMsgDebug": "La serie D_1NBAF423 no existe"
}
D_1NBAF424,error,non_json
{
  "errNum": 412,
  "errMsgUsr": "Error de validación en la solicitud",
  "errMsgDebug": "La serie D_1NBAF424 no existe"
}
D_1NBAF425,error,non_json
{
  "errNum": 412,
  "errMsgUsr": "Error de validación en la solicitud",
  "errMsgDebug": "La serie D_1NBAF425 no existe"
}
D_1NBAF426,error,non_json
{
  "errNum": 412,
  "errMsgUsr": "Error de validación en la solicitud",
  "errMsgDebug": "La serie D_1NBAF426 no existe"
}
D_1NBAF427,error,non_json
{
  "errNum": 412,
  "errMsgUsr": "Error de validación en la solicitud",
  "errMsgDebug": "La serie D_1NBAF427 no existe"
}
D_1NBAF428,error,non_json
{
  "errNum": 412,
  "errMsgUsr": "Error de validación en la solicitud",
  "errMsgDebug": "La serie D_1NBAF428 no existe"
}
D_1NBAF429,error,non_json
{
  "errNum": 412,
  "errMsgUsr": "Error de validación en la solicitud",
  "errMsgDebug": "La serie D_1NBAF429 no existe"
}
D_1NBAF430,error,non_json
{
  "errNum": 412,
  "errMsgUsr": "Error de validación en la solicitud",
  "errMsgDebug": "La serie D_1NBAF430 no existe"
}
D_1NBAF431,error,non_json
{
  "errNum": 412,
  "errMsgUsr": "Error de validación en la solicitud",
  "errMsgDebug": "La serie D_1NBAF431 no existe"
}
D_1NBAF432,error,non_json
{
  "errNum": 412,
  "errMsgUsr": "Error de validación en la solicitud",
  "errMsgDebug": "La serie D_1NBAF432 no existe"
}
D_1NBAF433,error,non_json
{
  "errNum": 412,
  "errMsgUsr": "Error de validación en la solicitud",
  "errMsgDebug": "La serie D_1NBAF433 no existe"
}
D_1NBAF434,error,non_json
{
  "errNum": 412,
  "errMsgUsr": "Error de validación en la solicitud",
  "errMsgDebug": "La serie D_1NBAF434 no existe"
}
D_1NBAF435,error,non_json
{
  "errNum": 412,
  "errMsgUsr": "Error de validación en la solicitud",
  "errMsgDebug": "La serie D_1NBAF435 no existe"
}
D_1NBAF436,error,non_json
{
  "errNum": 412,
  "errMsgUsr": "Error de validación en la solicitud",
  "errMsgDebug": "La serie D_1NBAF436 no existe"
}
D_1NBAF437,error,non_json
{
  "errNum": 412,
  "errMsgUsr": "Error de validación en la solicitud",
  "errMsgDebug": "La serie D_1NBAF437 no existe"
}
D_1NBAF438,error,non_json
{
  "errNum": 412,
  "errMsgUsr": "Error de validación en la solicitud",
  "errMsgDebug": "La serie D_1NBAF438 no existe"
}
D_1NBAF439,error,non_json
{
  "errNum": 412,
  "errMsgUsr": "Error de validación en la solicitud",
  "errMsgDebug": "La serie D_1NBAF439 no existe"
}
D_1NBAF440,error,non_json
{
  "errNum": 412,
  "errMsgUsr": "Error de validación en la solicitud",
  "errMsgDebug": "La serie D_1NBAF440 no existe"
}
D_1NBAF441,error,non_json
{
  "errNum": 412,
  "errMsgUsr": "Error de validación en la solicitud",
  "errMsgDebug": "La serie D_1NBAF441 no existe"
}
D_1NBAF442,error,non_json
{
  "errNum": 412,
  "errMsgUsr": "Error de validación en la solicitud",
  "errMsgDebug": "La serie D_1NBAF442 no existe"
}
D_1NBAF443,error,non_json
{
  "errNum": 412,
  "errMsgUsr": "Error de validación en la solicitud",
  "errMsgDebug": "La serie D_1NBAF443 no existe"
}
D_1NBAF444,error,non_json
{
  "errNum": 412,
  "errMsgUsr": "Error de validación en la solicitud",
  "errMsgDebug": "La serie D_1NBAF444 no existe"
}
D_1NBAF445,error,non_json
{
  "errNum": 412,
  "errMsgUsr": "Error de validación en la solicitud",
  "errMsgDebug": "La serie D_1NBAF445 no existe"
}
D_1NBAF446,error,non_json
{
  "errNum": 412,
  "errMsgUsr": "Error de validación en la solicitud",
  "errMsgDebug": "La serie D_1NBAF446 no existe"
}
D_1NBAF447,error,non_json
{
  "errNum": 412,
  "errMsgUsr": "Error de validación en la solicitud",
  "errMsgDebug": "La serie D_1NBAF447 no existe"
}
D_1NBAF448,error,non_json
{
  "errNum": 412,
  "errMsgUsr": "Error de validación en la solicitud",
  "errMsgDebug": "La serie D_1NBAF448 no existe"
}
D_1NBAF449,error,non_json
{
  "errNum": 412,
  "errMsgUsr": "Error de validación en la solicitud",
  "errMsgDebug": "La serie D_1NBAF449 no existe"
}
D_1NBAF450,error,non_json
{
  "errNum": 412,
  "errMsgUsr": "Error de validación en la solicitud",
  "errMsgDebug": "La serie D_1NBAF450 no existe"
}
D_1NBAF451,error,non_json
{
  "errNum": 412,
  "errMsgUsr": "Error de validación en la solicitud",
  "errMsgDebug": "La serie D_1NBAF451 no existe"
}
D_1NBAF452,error,non_json
{
  "errNum": 412,
  "errMsgUsr": "Error de validación en la solicitud",
  "errMsgDebug": "La serie D_1NBAF452 no existe"
}
D_1NBAF453,error,non_json
{
  "errNum": 412,
  "errMsgUsr": "Error de validación en la solicitud",
  "errMsgDebug": "La serie D_1NBAF453 no existe"
}
D_1NBAF454,error,non_json
{
  "errNum": 412,
  "errMsgUsr": "Error de validación en la solicitud",
  "errMsgDebug": "La serie D_1NBAF454 no existe"
}
D_1NBAF455,error,non_json
{
  "errNum": 412,
  "errMsgUsr": "Error de validación en la solicitud",
  "errMsgDebug": "La serie D_1NBAF455 no existe"
}
D_1NBAF456,error,non_json
{
  "errNum": 412,
  "errMsgUsr": "Error de validación en la solicitud",
  "errMsgDebug": "La serie D_1NBAF456 no existe"
}
D_1NBAF457,error,non_json
{
  "errNum": 412,
  "errMsgUsr": "Error de validación en la solicitud",
  "errMsgDebug": "La serie D_1NBAF457 no existe"
}
D_1NBAF458,error,non_json
{
  "errNum": 412,
  "errMsgUsr": "Error de validación en la solicitud",
  "errMsgDebug": "La serie D_1NBAF458 no existe"
}
D_1NBAF459,error,non_json
{
  "errNum": 412,
  "errMsgUsr": "Error de validación en la solicitud",
  "errMsgDebug": "La serie D_1NBAF459 no existe"
}
D_1NBAF460,error,non_json
{
  "errNum": 412,
  "errMsgUsr": "Error de validación en la solicitud",
  "errMsgDebug": "La serie D_1NBAF460 no existe"
}
D_1NBAF461,error,non_json
{
  "errNum": 412,
  "errMsgUsr": "Error de validación en la solicitud",
  "errMsgDebug": "La serie D_1NBAF461 no existe"
}
D_1NBAF462,error,non_json
{
  "errNum": 412,
  "errMsgUsr": "Error de validación en la solicitud",
  "errMsgDebug": "La serie D_1NBAF462 no existe"
}
D_1NBAF463,error,non_json
{
  "errNum": 412,
  "errMsgUsr": "Error de validación en la solicitud",
  "errMsgDebug": "La serie D_1NBAF463 no existe"
}
D_1NBAF464,error,non_json
{
  "errNum": 412,
  "errMsgUsr": "Error de validación en la solicitud",
  "errMsgDebug": "La serie D_1NBAF464 no existe"
}
D_1NBAF465,error,non_json
{
  "errNum": 412,
  "errMsgUsr": "Error de validación en la solicitud",
  "errMsgDebug": "La serie D_1NBAF465 no existe"
}
D_1NBAF466,error,non_json
{
  "errNum": 412,
  "errMsgUsr": "Error de validación en la solicitud",
  "errMsgDebug": "La serie D_1NBAF466 no existe"
}
D_1NBAF467,error,non_json
{
  "errNum": 412,
  "errMsgUsr": "Error de validación en la solicitud",
  "errMsgDebug": "La serie D_1NBAF467 no existe"
}
D_1NBAF468,error,non_json
{
  "errNum": 412,
  "errMsgUsr": "Error de validación en la solicitud",
  "errMsgDebug": "La serie D_1NBAF468 no existe"
}
D_1NBAF469,error,non_json
{
  "errNum": 412,
  "errMsgUsr": "Error de validación en la solicitud",
  "errMsgDebug": "La serie D_1NBAF469 no existe"
}
D_1NBAF470,error,non_json
{
  "errNum": 412,
  "errMsgUsr": "Error de validación en la solicitud",
  "errMsgDebug": "La serie D_1NBAF470 no existe"
}
D_1NBAF471,error,non_json
{
  "errNum": 412,
  "errMsgUsr": "Error de validación en la solicitud",
  "errMsgDebug": "La serie D_1NBAF471 no existe"
}
D_1NBAF472,error,non_json
[
  {
    "serie": "D_1NBAF472",
    "descripcion": "Euribor a un año",
    "descripcionCorta": "Euribor a un año",
    "codFrecuencia": "M",
    "decimales": 3,
    "simbolo": "%",
    "informacion": [
      {
        "titulo": "Nombre",
        "descripcion": "Euribor a un año"
      },
      {
        "titulo": "Descripción",
        "descripcion": "Tipos de interés. De referencia del mercado hipotecario. Euribor a un año."
      },
      {
        "titulo": "Unidades",
        "descripcion": "Porcentaje"
      },
      {
        "titulo": "Decimales",
        "descripcion": "3"
      },
      {
        "titulo": "Número de observaciones",
        "descripcion": "325"
      },
      {
        "titulo": "Primer valor",
        "descripcion": "[Ene 1999] 3,062 %"
      },
      {
        "titulo": "Último valor",
        "descripcion": "[Ene 2026] 2,245 %"
      },
      {
        "titulo": "Valor mínimo",
        "descripcion": "[Ene 2021] -0,505 %"
      },
      {
        "titulo": "Valor máximo",
        "descripcion": "[Jul 2008] 5,393 %"
      },
      {
        "titulo": "Fuente",
        "descripcion": "EURIBOR European Banking Federation
ACI Asociación de Mercados Financieros
Banco Central Europeo"
      },
      {
        "titulo": "Notas",
        "descripcion": "Tipo de oferta de los depósitos interbancarios en el área del euro correspondientes a 57 de los bancos más activos del área.
Hasta diciembre de 1998 tipo sintético calculado ponderando los tipos nacionales por el Producto Interior Bruto."
      },
      {
        "titulo": "Series relacionadas (cuadro pdf)",
        "descripcion": "<a href='https://www.bde.es/webbe/es/estadisticas/compartido/datos/pdf/a1901.pdf'>Descarga el cuadro en formato pdf con series relacionadas</a>"
      },
      {
        "titulo": "Series relacionadas (archivo Excel)",
        "descripcion": "<a href='https://www.bde.es/webbe/es/estadisticas/compartido/datos/xlsx/be1901.xlsx'>Descarga el archivo Excel con series relacionadas</a>"
      }
    ],
    "fechaInicio": "1999-01-01T09:15:00Z",
    "fechaFin": "2026-01-01T09:15:00Z",
    "fechas": [
      "2026-01-01T09:15:00Z",
      "2025-12-01T09:15:00Z",
      "2025-11-01T09:15:00Z",
      "2025-10-01T08:15:00Z",
      "2025-09-01T08:15:00Z",
      "2025-08-01T08:15:00Z",
      "2025-07-01T08:15:00Z",
      "2025-06-01T08:15:00Z",
      "2025-05-01T08:15:00Z",
      "2025-04-01T08:15:00Z",
      "2025-03-01T09:15:00Z",
      "2025-02-01T09:15:00Z",
      "2025-01-01T09:15:00Z",
      "2024-12-01T09:15:00Z",
      "2024-11-01T09:15:00Z",
      "2024-10-01T08:15:00Z",
      "2024-09-01T08:15:00Z",
      "2024-08-01T08:15:00Z",
      "2024-07-01T08:15:00Z",
      "2024-06-01T08:15:00Z",
      "2024-05-01T08:15:00Z",
      "2024-04-01T08:15:00Z",
      "2024-03-01T09:15:00Z",
      "2024-02-01T09:15:00Z",
      "2024-01-01T09:15:00Z",
      "2023-12-01T09:15:00Z",
      "2023-11-01T09:15:00Z",
      "2023-10-01T08:15:00Z",
      "2023-09-01T08:15:00Z",
      "2023-08-01T08:15:00Z",
      "2023-07-01T08:15:00Z"
    ],
    "valores": [
      2.245,
      2.267,
      2.217,
      2.187,
      2.172,
      2.114,
      2.079,
      2.081,
      2.081,
      2.143,
      2.398,
      2.407,
      2.525,
      2.436,
      2.506,
      2.691,
      2.936,
      3.166,
      3.526,
      3.65,
      3.68,
      3.703,
      3.718,
      3.671,
      3.609,
      3.679,
      4.022,
      4.16,
      4.149,
      4.073,
      4.149
    ]
  }
]
D_1NBAF473,error,non_json
{
  "errNum": 412,
  "errMsgUsr": "Error de validación en la solicitud",
  "errMsgDebug": "La serie D_1NBAF473 no existe"
}
D_1NBAF474,error,non_json
{
  "errNum": 412,
  "errMsgUsr": "Error de validación en la solicitud",
  "errMsgDebug": "La serie D_1NBAF474 no existe"
}
D_1NBAF475,error,non_json
{
  "errNum": 412,
  "errMsgUsr": "Error de validación en la solicitud",
  "errMsgDebug": "La serie D_1NBAF475 no existe"
}
D_1NBAF476,error,non_json
{
  "errNum": 412,
  "errMsgUsr": "Error de validación en la solicitud",
  "errMsgDebug": "La serie D_1NBAF476 no existe"
}
D_1NBAF477,error,non_json
{
  "errNum": 412,
  "errMsgUsr": "Error de validación en la solicitud",
  "errMsgDebug": "La serie D_1NBAF477 no existe"
}
D_1NBAF478,error,non_json
{
  "errNum": 412,
  "errMsgUsr": "Error de validación en la solicitud",
  "errMsgDebug": "La serie D_1NBAF478 no existe"
}
D_1NBAF479,error,non_json
{
  "errNum": 412,
  "errMsgUsr": "Error de validación en la solicitud",
  "errMsgDebug": "La serie D_1NBAF479 no existe"
}
D_1NBAF480,error,non_json
{
  "errNum": 412,
  "errMsgUsr": "Error de validación en la solicitud",
  "errMsgDebug": "La serie D_1NBAF480 no existe"
}
D_1NBAF481,error,non_json
{
  "errNum": 412,
  "errMsgUsr": "Error de validación en la solicitud",
  "errMsgDebug": "La serie D_1NBAF481 no existe"
}
D_1NBAF482,error,non_json
{
  "errNum": 412,
  "errMsgUsr": "Error de validación en la solicitud",
  "errMsgDebug": "La serie D_1NBAF482 no existe"
}
D_1NBAF483,error,non_json
{
  "errNum": 412,
  "errMsgUsr": "Error de validación en la solicitud",
  "errMsgDebug": "La serie D_1NBAF483 no existe"
}
D_1NBAF484,error,non_json
{
  "errNum": 412,
  "errMsgUsr": "Error de validación en la solicitud",
  "errMsgDebug": "La serie D_1NBAF484 no existe"
}
D_1NBAF485,error,non_json
{
  "errNum": 412,
  "errMsgUsr": "Error de validación en la solicitud",
  "errMsgDebug": "La serie D_1NBAF485 no existe"
}
D_1NBAF486,error,non_json
{
  "errNum": 412,
  "errMsgUsr": "Error de validación en la solicitud",
  "errMsgDebug": "La serie D_1NBAF486 no existe"
}
D_1NBAF487,error,non_json
{
  "errNum": 412,
  "errMsgUsr": "Error de validación en la solicitud",
  "errMsgDebug": "La serie D_1NBAF487 no existe"
}
D_1NBAF488,error,non_json
{
  "errNum": 412,
  "errMsgUsr": "Error de validación en la solicitud",
  "errMsgDebug": "La serie D_1NBAF488 no existe"
}
D_1NBAF489,error,non_json
{
  "errNum": 412,
  "errMsgUsr": "Error de validación en la solicitud",
  "errMsgDebug": "La serie D_1NBAF489 no existe"
}
D_1NBAF490,error,non_json
{
  "errNum": 412,
  "errMsgUsr": "Error de validación en la solicitud",
  "errMsgDebug": "La serie D_1NBAF490 no existe"
}
D_1NBAF491,error,non_json
{
  "errNum": 412,
  "errMsgUsr": "Error de validación en la solicitud",
  "errMsgDebug": "La serie D_1NBAF491 no existe"
}
D_1NBAF492,error,non_json
{
  "errNum": 412,
  "errMsgUsr": "Error de validación en la solicitud",
  "errMsgDebug": "La serie D_1NBAF492 no existe"
}
D_1NBAF493,error,non_json
{
  "errNum": 412,
  "errMsgUsr": "Error de validación en la solicitud",
  "errMsgDebug": "La serie D_1NBAF493 no existe"
}
D_1NBAF494,error,non_json
{
  "errNum": 412,
  "errMsgUsr": "Error de validación en la solicitud",
  "errMsgDebug": "La serie D_1NBAF494 no existe"
}
D_1NBAF495,error,non_json
{
  "errNum": 412,
  "errMsgUsr": "Error de validación en la solicitud",
  "errMsgDebug": "La serie D_1NBAF495 no existe"
}
D_1NBAF496,error,non_json
{
  "errNum": 412,
  "errMsgUsr": "Error de validación en la solicitud",
  "errMsgDebug": "La serie D_1NBAF496 no existe"
}
D_1NBAF497,error,non_json
{
  "errNum": 412,
  "errMsgUsr": "Error de validación en la solicitud",
  "errMsgDebug": "La serie D_1NBAF497 no existe"
}
D_1NBAF498,error,non_json
{
  "errNum": 412,
  "errMsgUsr": "Error de validación en la solicitud",
  "errMsgDebug": "La serie D_1NBAF498 no existe"
}
D_1NBAF499,error,non_json
{
  "errNum": 412,
  "errMsgUsr": "Error de validación en la solicitud",
  "errMsgDebug": "La serie D_1NBAF499 no existe"
}
D_1NBAF500,error,non_json
{
  "errNum": 412,
  "errMsgUsr": "Error de validación en la solicitud",
  "errMsgDebug": "La serie D_1NBAF500 no existe"
}
D_1NBAF501,error,non_json
{
  "errNum": 412,
  "errMsgUsr": "Error de validación en la solicitud",
  "errMsgDebug": "La serie D_1NBAF501 no existe"
}
D_1NBAF502,error,non_json
{
  "errNum": 412,
  "errMsgUsr": "Error de validación en la solicitud",
  "errMsgDebug": "La serie D_1NBAF502 no existe"
}
D_1NBAF503,error,non_json
{
  "errNum": 412,
  "errMsgUsr": "Error de validación en la solicitud",
  "errMsgDebug": "La serie D_1NBAF503 no existe"
}
D_1NBAF504,error,non_json
{
  "errNum": 412,
  "errMsgUsr": "Error de validación en la solicitud",
  "errMsgDebug": "La serie D_1NBAF504 no existe"
}
D_1NBAF505,error,non_json
{
  "errNum": 412,
  "errMsgUsr": "Error de validación en la solicitud",
  "errMsgDebug": "La serie D_1NBAF505 no existe"
}
D_1NBAF506,error,non_json
{
  "errNum": 412,
  "errMsgUsr": "Error de validación en la solicitud",
  "errMsgDebug": "La serie D_1NBAF506 no existe"
}
D_1NBAF507,error,non_json
{
  "errNum": 412,
  "errMsgUsr": "Error de validación en la solicitud",
  "errMsgDebug": "La serie D_1NBAF507 no existe"
}
D_1NBAF508,error,non_json
{
  "errNum": 412,
  "errMsgUsr": "Error de validación en la solicitud",
  "errMsgDebug": "La serie D_1NBAF508 no existe"
}
D_1NBAF509,error,non_json
{
  "errNum": 412,
  "errMsgUsr": "Error de validación en la solicitud",
  "errMsgDebug": "La serie D_1NBAF509 no existe"
}
D_1NBAF510,error,non_json
{
  "errNum": 412,
  "errMsgUsr": "Error de validación en la solicitud",
  "errMsgDebug": "La serie D_1NBAF510 no existe"
}
D_1NBAF511,error,non_json
{
  "errNum": 412,
  "errMsgUsr": "Error de validación en la solicitud",
  "errMsgDebug": "La serie D_1NBAF511 no existe"
}
D_1NBAF512,error,non_json
{
  "errNum": 412,
  "errMsgUsr": "Error de validación en la solicitud",
  "errMsgDebug": "La serie D_1NBAF512 no existe"
}
D_1NBAF513,error,non_json
{
  "errNum": 412,
  "errMsgUsr": "Error de validación en la solicitud",
  "errMsgDebug": "La serie D_1NBAF513 no existe"
}
D_1NBAF514,error,non_json
{
  "errNum": 412,
  "errMsgUsr": "Error de validación en la solicitud",
  "errMsgDebug": "La serie D_1NBAF514 no existe"
}
D_1NBAF515,error,non_json
{
  "errNum": 412,
  "errMsgUsr": "Error de validación en la solicitud",
  "errMsgDebug": "La serie D_1NBAF515 no existe"
}
D_1NBAF516,error,non_json
{
  "errNum": 412,
  "errMsgUsr": "Error de validación en la solicitud",
  "errMsgDebug": "La serie D_1NBAF516 no existe"
}
D_1NBAF517,error,non_json
{
  "errNum": 412,
  "errMsgUsr": "Error de validación en la solicitud",
  "errMsgDebug": "La serie D_1NBAF517 no existe"
}
D_1NBAF518,error,non_json
{
  "errNum": 412,
  "errMsgUsr": "Error de validación en la solicitud",
  "errMsgDebug": "La serie D_1NBAF518 no existe"
}
D_1NBAF519,error,non_json
{
  "errNum": 412,
  "errMsgUsr": "Error de validación en la solicitud",
  "errMsgDebug": "La serie D_1NBAF519 no existe"
}
D_1NBAF520,error,non_json
{
  "errNum": 412,
  "errMsgUsr": "Error de validación en la solicitud",
  "errMsgDebug": "La serie D_1NBAF520 no existe"
}
