sample_id,party_name,source_url,evidence_id,window_index,window_count,excerpt,manual_label,manual_note
S001,BNG,https://www.bng.gal/media/bnggaliza/files/2023/07/05/23_bng_xerais_programa.pdf,1560537,0,1,semellantes caracteristicas eliminar as empresas de traballo temporal ett a subcontratacion en cadea e as falsas os autonomas os reforzar o servizo publico de emprego sepe e garantir a cobertura de todas as persoas sen ocupacion impulsar un plan de accion contra a sinistralidade laboral que abranga a promocion do empre,,
S002,BNG,https://www.bng.gal/media/bnggaliza/files/2023/07/05/23_bng_xerais_programa.pdf,1560538,0,1,actividade de explotacion na galiza e situan o seu domicilio social 7 a economia ao servizo das maiorias sociais 39 que galiza conte con mais forza noutras partes do estado deben tributar aqui polo imposto de sociedades estabelecer a sua progresividade en funcion da dimension da empresa deducions inversamente proporcio,,
S003,BNG,https://www.bng.gal/media/bnggaliza/files/2023/07/05/23_bng_xerais_programa.pdf,1560539,0,1,so as prestacions ortoprotesicas ou a rehabilitacion a doentes con deficit funcional recuperabel para todas as persoas que as precisen con financiamento 100 publico asi como as prestacions sanitarias actualmente fora da atencion primaria ou so parcialmente financiadas como asistencia odontoloxica podoloxia optico optom,,
S004,BNG,https://www.bng.gal/media/bnggaliza/files/2023/07/05/23_bng_xerais_programa.pdf,1560540,0,1,o non e asi moitas persoas son vitimas de comportamentos e actitudes discriminatorias racistas e xenofobas que proceden do ambito privado mais tamen do publico desde o bloque nacionalista galego asumimos o compromiso de impulsar as reformas lexislativas necesarias para garantir os dereitos da poboacion migrante vivenda,,
S005,BNG,https://www.bng.gal/media/bnggaliza/files/2023/07/05/23_bng_xerais_programa.pdf,1560541,0,1,ntacion basica produtos do mar elementos de hixiene persoal e feminina transporte publico de pasaxeiros investimentos en eficiencia enerxetica e enerxias renovabeis no ambito domestico e nas pequenas e medianas empresas estabelecer a permanencia da rebaixa do ive da electricidade gas biomasa para quecemento e madeira p,,
S006,BNG,https://www.bng.gal/media/bnggaliza/files/2023/07/05/23_bng_xerais_programa.pdf,1560542,0,1,ma aos centros de consumo ao control publico da enerxia a consideracion do acceso a enerxia como un ben publico e esencial e cuxa implantacion pivote en funcion do desenvolvemento social e economico das zonas produtoras impulsar unha tarifa electrica galega que considere a traves de reducion nas peaxes do transporte o,,
S007,BNG,https://www.bng.gal/media/bnggaliza/files/2023/07/05/23_bng_xerais_programa.pdf,1560543,0,1,rioritarias para os intereses sociais e economicos das galegas e dos galegos como a creacion de tres novos xulgados de violencia de xenero no noso pais a solucion ao problema dos emigrantes retornados coa facenda espanola saldar a debeda coa galiza na lei de dependencia a modernizacion xeral da rede ferroviaria interna,,
S008,BNG,https://www.bng.gal/media/bnggaliza/files/2023/07/05/23_bng_xerais_programa.pdf,1560830,0,1,tal e das rendas mais altas porque o sistema actual discrimina as persoas cuxa principal fonte de ingresos e o traballo en primeiro lugar a respecto do imposto sobre a renda das persoas fisicas irpf consideramos preciso incrementar a sua progresividade que pague mais quen mais renda obten deflactar as tarifas do irpf e,,
S009,BNG,https://www.bng.gal/media/bnggaliza/files/2023/07/05/23_bng_xerais_programa.pdf,1560831,0,1,do agresor a partir daqueles casos con valoracion de risco medio cumprimento das obrigas internacionais en materia de prevencion e loita contra todas as formas de violencia machista nomeadamente do convenio de istambul revisar a lexislacion en materia de violencia sexual de forma que o consentimento sexa o elemento cen,,
S010,BNG,https://www.bng.gal/media/bnggaliza/files/2023/07/05/23_bng_xerais_programa.pdf,1560832,0,1,ecesarias para estender os mecanismos de xeolocalizacion do agresor a partir daqueles casos con valoracion de risco medio cumprimento das obrigas internacionais en materia de prevencion e loita contra todas as formas de violencia machista nomeadamente do convenio de istambul revisar a lexislacion en materia de violenci,,
S011,FORO Asturias,https://foroasturias.es/wp-content/uploads/2023/05/Programa-electoral-FORO-Asturias-20232027.pdf,1560925,0,1,ion de primera de vivienda por jovenes o personas con discapacidad pagina 38 de 125 adquisicion de vivienda por parte de mujeres victimas de violencia de genero adquisicion de viviendas en nucleos rurales adquisicion de vivienda por familias numerosas con ampliacion de superficie habitable 2 establecer un tipo general,,
S012,FORO Asturias,https://foroasturias.es/wp-content/uploads/2023/05/Programa-electoral-FORO-Asturias-20232027.pdf,1560926,0,1,a los trabajadores desempleados 5 de igual modo reforzaremos las funciones de orientacion desempenadas por asociaciones y entidades sin animo de lucro que veran ampliadas sus competencias y asignaciones presupuestarias impulsaremos tambien el papel de las medidas de acompanamiento al empleo de esta forma se completara,,
S013,FORO Asturias,https://foroasturias.es/wp-content/uploads/2023/05/Programa-electoral-FORO-Asturias-20232027.pdf,1560927,0,1,o boton sos etc 11 reforzaremos las plantillas de acuerdo a la normativa vigente sobre contratacion para garantizar la cobertura asistencial adecuada en cada nivel con el objetivo de no sobrecargar a los trabajadores 12 impulsaremos la implantacion definitiva de las diferentes especialidades de enfermeria geriatria sal,,
S014,FORO Asturias,https://foroasturias.es/wp-content/uploads/2023/05/Programa-electoral-FORO-Asturias-20232027.pdf,1560928,0,1,or anadido del producto y la localizacion de las empresas en el territorio del principado de asturias 3 incentivar la innovacion tecnologica en las fases de transformacion y comercializacion de los productos pesqueros 4 facilitar el acercamiento de las empresas de transformacion y comercializacion de los productos pesq,,
S015,FORO Asturias,https://foroasturias.es/wp-content/uploads/2023/05/Programa-electoral-FORO-Asturias-20232027.pdf,1560929,0,1,stas zonas tambien deben estar dotadas de redes de servicios adecuadas y a precios competitivos todos estos factores son decisivos para la localizacion de nuevas iniciativas empresariales capaces de atraer inversiones 4 promoveremos un nuevo marco regulatorio energetico que sea estable a precios competitivos y duradero,,
S016,FORO Asturias,https://foroasturias.es/wp-content/uploads/2023/05/Programa-electoral-FORO-Asturias-20232027.pdf,1560930,0,1,icas que llegue a todos los lugares sin ella solo habra desertizacion empresarial fuera de los grandes nucleos implicar y formar a los empleados publicos un activo fundamental sin los cuales no se podra llevara a cabo 6 impulsaremos una administracion menos burocratizada con una ambiciosa reforma que garantice la simpl,,
S017,FORO Asturias,https://foroasturias.es/wp-content/uploads/2023/05/Programa-electoral-FORO-Asturias-20232027.pdf,1560931,0,1,e sentido los convenios de acciones formativas con compromiso de contratacion en empresas privadas y las practicas no laborales se configuraran como otra alternativa a esa primera experiencia laboral de los jovenes 5 se reforzara la movilidad internacional dentro del bachillerato la formacion profesional y la universid,,
S018,FORO Asturias,https://foroasturias.es/wp-content/uploads/2023/05/Programa-electoral-FORO-Asturias-20232027.pdf,1560932,0,1,a base de los siguientes principios un servicio publico de calidad al servicio de los administrados una justicia profesional y altamente cualificada y una justicia tecnologicamente avanzada para ello desde foro asturias proponemos 1 elevar justicia al rango de consejeria para poner de relieve la asuncion de las compete,,
S019,FORO Asturias,https://foroasturias.es/wp-content/uploads/2023/05/Programa-electoral-FORO-Asturias-20232027.pdf,1560935,0,1,turismo que antes se indico 2 dirigiremos un programa de capacitacion integral al personal idiomas tics venta trato con el cliente etc mediante acciones de formacion y reciclaje profesional mejorando el servicio en este campo las asociaciones y colectivos profesionales deberian jugar un papel fundamental canalizador bi,,
S020,FORO Asturias,https://foroasturias.es/wp-content/uploads/2023/05/Programa-electoral-FORO-Asturias-20232027.pdf,1560936,0,1,vertir la perdida de poblacion activa una de las mayores limitaciones del mercado laboral asturiano 4 mejorar la formacion y la cualificacion tecnica y laboral 5 crear empleo para las mujeres como medida de avance en la igualdad de oportunidades 6 impulsar la creacion de empresas en asturias a para favorecer el empleo,,
S021,PP,https://www.pp.es/storage/2023/11/es_platform_final62_0.pdf,1561264,0,1,deberan establecerse fondos de pensiones privados para complementar los publicos asi como promover aportaciones claramente definidas a traves de regimenes fiscales favorables 354 deben adoptarse medidas adicionales para incrementar la tasa de ocupacion en especial entre aquellos grupos de la poblacion cuyo potencial es,,
S022,PP,https://www.pp.es/storage/2023/11/es_platform_final62_0.pdf,1561266,0,1,e poder lograr su desarrollo personal en libertad e igualdad independientemente de su origen genero edad raza orientacion sexual nacionalidad religion creencias situacion social o salud justicia 117 a partir de la idea de justicia se deriva el hecho que es preciso garantizar en todo momento las condiciones necesarias p,,
S023,PP,https://www.pp.es/storage/2023/11/es_platform_final62_0.pdf,1561267,0,1,r debe ser un asunto politico fundamental a nivel de la ue ya que es la unica manera de crear una economia basada en el conocimiento y ser competitivos en todo el mundo una de las prioridades en dicho ambito consiste en impulsar constantemente politicas en materia de educacion superior e investigacion asi como fomentar,,
S024,PP,https://www.pp.es/storage/2023/11/es_platform_final62_0.pdf,1561268,0,1,ementar la eficiencia energetica promover fuentes de energia con bajas emisiones de gases de efecto invernadero y diversificar las fuentes como tambien las vias de suministro energetico el continuo aumento mundial de la demanda de energia provocara precios cada vez mas altos y disminucion de las reservas por lo tanto e,,
S025,PP,https://www.pp.es/storage/2023/11/es_platform_final62_0.pdf,1561269,0,1,versidad y contribuir a la conservacion y regeneracion de los recursos naturales aire agua y suelo 348 la dependencia de combustibles fosiles provenientes de zonas politicamente inestables es otra razon fundamental para incrementar la eficiencia energetica promover fuentes de energia con bajas emisiones de gases de efe,,
S026,PP,https://www.pp.es/storage/2023/11/es_platform_final62_0.pdf,1561274,0,1,r una economia basada en el conocimiento y ser competitivos en todo el mundo una de las prioridades en dicho ambito consiste en impulsar constantemente politicas en materia de educacion superior e investigacion asi como fomentar el proceso de modernizacion de los estados miembros en este campo 344 la ue debe promover u,,
S027,PP,https://www.pp.es/storage/2025/09/Manifesto_2024.pdf,1560844,0,1,force within the european commission and european council it is also largely represented on the ground at local and regional level more than any other party in europe through structural and cohesion policies for example we will focus on closing the gap between rural and urban areas there should be no first and second c,,
S028,PP,https://www.pp.es/storage/2025/09/Manifesto_2024.pdf,1560849,0,1,ations of european integration our europe has always relied on shared energy today with the consequences of the russian war of aggression in ukraine and the systemic competition with china this is all the more important we will invest more in the development of electricity and gas network interconnections between eu me,,
S029,PP,https://www.pp.es/storage/2025/09/Manifesto_2024.pdf,1560854,0,1,force within the european commission and european council it is also largely represented on the ground at local and regional level more than any other party in europe through structural and cohesion policies for example we will focus on closing the gap between rural and urban areas there should be no first and second c,,
S030,PP,https://www.pp.es/storage/2025/09/Manifesto_2024.pdf,1560994,0,1,force within the european commission and european council it is also largely represented on the ground at local and regional level more than any other party in europe through structural and cohesion policies for example we will focus on closing the gap between rural and urban areas there should be no first and second c,,
S031,VOX,https://www.voxespana.es/wp-content/uploads/2025/10/Programa-WEB-021025.pdf,1560855,0,1,os enemigos de los trabajadores del campo son los politicos que utilizan el agua como excusa para no invertir dinero en infraestructuras hidricas enfrentando unas regiones con otras por un bien tan esencial como el agua impulsaremos un plan nacional del agua bajo los principios de solidaridad y bien 41 programa economi,,
S032,VOX,https://www.voxespana.es/wp-content/uploads/2025/10/Programa-WEB-021025.pdf,1560858,0,1,stracion publica reducir drasticamente todo el gasto de la administracion territorial del estado las transferencias a comunidades autonomas y administraciones locales se limitaran al minimo constitucionalmente permitido crear una central de compras nacional para todos los sistemas autonomicos sanitarios farmaceuticos y,,
S033,VOX,https://www.voxespana.es/wp-content/uploads/2025/10/Programa-WEB-021025.pdf,1560862,0,1,ceder a tramitar de forma preferente y urgente la inmediata expulsion de todos los inmigrantes que accedan ilegalmente a nuestra nacion de aquellos inmigrantes legales que cometan delitos graves o hagan del delito leve su forma de vida asi como de aquellos que decidan no integrarse con ese criterio revisar todas las re,,
S034,VOX,https://www.voxespana.es/wp-content/uploads/2025/10/Programa-WEB-021025.pdf,1560865,0,1,os enemigos de los trabajadores del campo son los politicos que utilizan el agua como excusa para no invertir dinero en infraestructuras hidricas enfrentando unas regiones con otras por un bien tan esencial como el agua impulsaremos un plan nacional del agua bajo los principios de solidaridad y bien 41 programa economi,,
S035,VOX,https://www.voxespana.es/wp-content/uploads/2025/10/Programa-WEB-021025.pdf,1561005,0,1,os enemigos de los trabajadores del campo son los politicos que utilizan el agua como excusa para no invertir dinero en infraestructuras hidricas enfrentando unas regiones con otras por un bien tan esencial como el agua impulsaremos un plan nacional del agua bajo los principios de solidaridad y bien 41 programa economi,,
S036,VOX,https://www.voxespana.es/wp-content/uploads/2025/10/Programa-WEB-021025.pdf,1561008,0,1,stracion publica reducir drasticamente todo el gasto de la administracion territorial del estado las transferencias a comunidades autonomas y administraciones locales se limitaran al minimo constitucionalmente permitido crear una central de compras nacional para todos los sistemas autonomicos sanitarios farmaceuticos y,,
S037,VOX,https://www.voxespana.es/wp-content/uploads/2025/10/Programa-WEB-021025.pdf,1561012,0,1,ceder a tramitar de forma preferente y urgente la inmediata expulsion de todos los inmigrantes que accedan ilegalmente a nuestra nacion de aquellos inmigrantes legales que cometan delitos graves o hagan del delito leve su forma de vida asi como de aquellos que decidan no integrarse con ese criterio revisar todas las re,,
S038,VOX,https://www.voxespana.es/wp-content/uploads/2025/10/Programa-WEB-021025.pdf,1561015,0,1,os enemigos de los trabajadores del campo son los politicos que utilizan el agua como excusa para no invertir dinero en infraestructuras hidricas enfrentando unas regiones con otras por un bien tan esencial como el agua impulsaremos un plan nacional del agua bajo los principios de solidaridad y bien 41 programa economi,,
S039,VOX,https://www.voxespana.es/wp-content/uploads/2025/10/Programa-WEB-021025.pdf,1561145,0,1,os enemigos de los trabajadores del campo son los politicos que utilizan el agua como excusa para no invertir dinero en infraestructuras hidricas enfrentando unas regiones con otras por un bien tan esencial como el agua impulsaremos un plan nacional del agua bajo los principios de solidaridad y bien 41 programa economi,,
S040,VOX,https://www.voxespana.es/wp-content/uploads/2025/10/Programa-WEB-021025.pdf,1561148,0,1,stracion publica reducir drasticamente todo el gasto de la administracion territorial del estado las transferencias a comunidades autonomas y administraciones locales se limitaran al minimo constitucionalmente permitido crear una central de compras nacional para todos los sistemas autonomicos sanitarios farmaceuticos y,,
