source_url,excerpt
https://foroasturias.es/wp-content/uploads/2023/05/Programa-electoral-FORO-Asturias-20232027.pdf,"or anadido del producto y la localizacion de las empresas en el territorio del principado de asturias 3 incentivar la innovacion tecnologica en las fases de transformacion y comercializacion de los productos pesqueros 4 facilitar el acercamiento de las empresas de transformacion y comercializacion de los productos pesq"
https://foroasturias.es/wp-content/uploads/2023/05/Programa-electoral-FORO-Asturias-20232027.pdf,"icas que llegue a todos los lugares sin ella solo habra desertizacion empresarial fuera de los grandes nucleos implicar y formar a los empleados publicos un activo fundamental sin los cuales no se podra llevara a cabo 6 impulsaremos una administracion menos burocratizada con una ambiciosa reforma que garantice la simpl"
https://foroasturias.es/wp-content/uploads/2023/05/Programa-electoral-FORO-Asturias-20232027.pdf,"d son incapaces de defender nuestros intereses asturias necesita urgentemente inversiones que llevan anos pendientes y nadie levanta la voz para exigirlas nuestros jovenes siguen emigrando porque no somos capaces de ofrecerles las oportunidades aqui en foro asturias tenemos un solo objetivo la defensa de asturias somos"
https://foroasturias.es/wp-content/uploads/2023/05/Programa-electoral-FORO-Asturias-20232027.pdf,"istracion publica 5 suprimira aquellos organismos entidades y empresas publicas que no descansen en la racionalidad economica o administrativa o que supongan una disminucion de la transparencia sin que ello perjudique la prestacion de los servicios publicos 14 rtpa foro asturias velara por la calidad y mejorara la efic"
https://foroasturias.es/wp-content/uploads/2023/05/Programa-electoral-FORO-Asturias-20232027.pdf,"or anadido del producto y la localizacion de las empresas en el territorio del principado de asturias 3 incentivar la innovacion tecnologica en las fases de transformacion y comercializacion de los productos pesqueros 4 facilitar el acercamiento de las empresas de transformacion y comercializacion de los productos pesq"
https://foroasturias.es/wp-content/uploads/2023/05/Programa-electoral-FORO-Asturias-20232027.pdf,"icas que llegue a todos los lugares sin ella solo habra desertizacion empresarial fuera de los grandes nucleos implicar y formar a los empleados publicos un activo fundamental sin los cuales no se podra llevara a cabo 6 impulsaremos una administracion menos burocratizada con una ambiciosa reforma que garantice la simpl"
https://foroasturias.es/wp-content/uploads/2023/05/Programa-electoral-FORO-Asturias-20232027.pdf,"d son incapaces de defender nuestros intereses asturias necesita urgentemente inversiones que llevan anos pendientes y nadie levanta la voz para exigirlas nuestros jovenes siguen emigrando porque no somos capaces de ofrecerles las oportunidades aqui en foro asturias tenemos un solo objetivo la defensa de asturias somos"
https://foroasturias.es/wp-content/uploads/2023/05/Programa-electoral-FORO-Asturias-20232027.pdf,"istracion publica 5 suprimira aquellos organismos entidades y empresas publicas que no descansen en la racionalidad economica o administrativa o que supongan una disminucion de la transparencia sin que ello perjudique la prestacion de los servicios publicos 14 rtpa foro asturias velara por la calidad y mejorara la efic"
https://foroasturias.es/wp-content/uploads/2023/05/Programa-electoral-FORO-Asturias-20232027.pdf,"or anadido del producto y la localizacion de las empresas en el territorio del principado de asturias 3 incentivar la innovacion tecnologica en las fases de transformacion y comercializacion de los productos pesqueros 4 facilitar el acercamiento de las empresas de transformacion y comercializacion de los productos pesq"
https://foroasturias.es/wp-content/uploads/2023/05/Programa-electoral-FORO-Asturias-20232027.pdf,"icas que llegue a todos los lugares sin ella solo habra desertizacion empresarial fuera de los grandes nucleos implicar y formar a los empleados publicos un activo fundamental sin los cuales no se podra llevara a cabo 6 impulsaremos una administracion menos burocratizada con una ambiciosa reforma que garantice la simpl"
https://foroasturias.es/wp-content/uploads/2023/05/Programa-electoral-FORO-Asturias-20232027.pdf,"d son incapaces de defender nuestros intereses asturias necesita urgentemente inversiones que llevan anos pendientes y nadie levanta la voz para exigirlas nuestros jovenes siguen emigrando porque no somos capaces de ofrecerles las oportunidades aqui en foro asturias tenemos un solo objetivo la defensa de asturias somos"
https://foroasturias.es/wp-content/uploads/2023/05/Programa-electoral-FORO-Asturias-20232027.pdf,"istracion publica 5 suprimira aquellos organismos entidades y empresas publicas que no descansen en la racionalidad economica o administrativa o que supongan una disminucion de la transparencia sin que ello perjudique la prestacion de los servicios publicos 14 rtpa foro asturias velara por la calidad y mejorara la efic"
https://foroasturias.es/wp-content/uploads/2023/05/Programa-electoral-FORO-Asturias-20232027.pdf,"de limitarse unicamente a aplicar restricciones y prohibiciones culpando exclusivamente a los pescadores de la disminucion de los recursos piscicolas realizaremos programas de investigacion a traves de convenios con la universidad de oviedo y con otros centros de investigacion en cada uno de los rios asturianos 2 refor"
https://foroasturias.es/wp-content/uploads/2023/05/Programa-electoral-FORO-Asturias-20232027.pdf,"icas que llegue a todos los lugares sin ella solo habra desertizacion empresarial fuera de los grandes nucleos implicar y formar a los empleados publicos un activo fundamental sin los cuales no se podra llevara a cabo 6 impulsaremos una administracion menos burocratizada con una ambiciosa reforma que garantice la simpl"
https://foroasturias.es/wp-content/uploads/2023/05/Programa-electoral-FORO-Asturias-20232027.pdf,"istracion publica 5 suprimira aquellos organismos entidades y empresas publicas que no descansen en la racionalidad economica o administrativa o que supongan una disminucion de la transparencia sin que ello perjudique la prestacion de los servicios publicos 14 rtpa foro asturias velara por la calidad y mejorara la efic"
