link_key,pending_reason,delegated_institution_label,designated_role_title,target_group,target_label,target_url,query,priority_rank,candidate_boe_id,candidate_score,candidate_rank_for_link,candidate_publication_date_iso
delegated_enforcement_v1|es:boe-a-1994-8985:fragment:articulo:bloque-procedimental-sancionador|Ministerio competente en trafico|DGT|Unidad sancionadora DGT|https://www.boe.es/buscar/act.php?id=BOE-A-1994-8985,auto_assist:role_alignment_failed:role_topic_overlap_zero,DGT,Subdireccion de Gestion de Sanciones,boe_redirector_query,boe_redirector_primary,https://www.boe.es/buscar/redirector.php?accion=Buscar&bd=boe&texto=nombramiento%20Subdireccion%20de%20Gestion%20de%20Sanciones%20DGT,nombramiento Subdireccion de Gestion de Sanciones DGT,1,,,,
delegated_enforcement_v1|es:boe-a-1994-8985:fragment:articulo:bloque-procedimental-sancionador|Ministerio competente en trafico|DGT|Unidad sancionadora DGT|https://www.boe.es/buscar/act.php?id=BOE-A-1994-8985,auto_assist:role_alignment_failed:role_topic_overlap_zero,DGT,Subdireccion de Gestion de Sanciones,boe_redirector_query,boe_redirector_secondary,https://www.boe.es/buscar/redirector.php?accion=Buscar&bd=boe&texto=nombramiento%20DGT,nombramiento DGT,2,,,,
delegated_enforcement_v1|es:boe-a-1994-8985:fragment:articulo:bloque-procedimental-sancionador|Ministerio competente en trafico|DGT|Unidad sancionadora DGT|https://www.boe.es/buscar/act.php?id=BOE-A-1994-8985,auto_assist:role_alignment_failed:role_topic_overlap_zero,DGT,Subdireccion de Gestion de Sanciones,boe_direct_doc,boe_direct_doc_BOE-A-2003-23115,https://www.boe.es/buscar/doc.php?id=BOE-A-2003-23115,BOE-A-2003-23115,3,BOE-A-2003-23115,29,1,2003-12-17
delegated_enforcement_v1|es:boe-a-1994-8985:fragment:articulo:bloque-procedimental-sancionador|Ministerio competente en trafico|DGT|Unidad sancionadora DGT|https://www.boe.es/buscar/act.php?id=BOE-A-1994-8985,auto_assist:role_alignment_failed:role_topic_overlap_zero,DGT,Subdireccion de Gestion de Sanciones,boe_direct_doc,boe_direct_doc_BOE-A-1997-2771,https://www.boe.es/buscar/doc.php?id=BOE-A-1997-2771,BOE-A-1997-2771,4,BOE-A-1997-2771,28,2,1997-02-08
delegated_enforcement_v1|es:boe-a-1994-8985:fragment:articulo:bloque-procedimental-sancionador|Ministerio competente en trafico|DGT|Unidad sancionadora DGT|https://www.boe.es/buscar/act.php?id=BOE-A-1994-8985,auto_assist:role_alignment_failed:role_topic_overlap_zero,DGT,Subdireccion de Gestion de Sanciones,boe_direct_doc,boe_direct_doc_BOE-A-1996-25171,https://www.boe.es/buscar/doc.php?id=BOE-A-1996-25171,BOE-A-1996-25171,5,BOE-A-1996-25171,27,3,1996-11-13
delegated_enforcement_v1|es:boe-a-1994-8985:fragment:articulo:bloque-procedimental-sancionador|Ministerio competente en trafico|DGT|Unidad sancionadora DGT|https://www.boe.es/buscar/act.php?id=BOE-A-1994-8985,auto_assist:role_alignment_failed:role_topic_overlap_zero,DGT,Subdireccion de Gestion de Sanciones,institutional_site,dgt_web,https://www.dgt.es/,nombramiento Subdireccion de Gestion de Sanciones DGT,6,,,,
delegated_enforcement_v1|es:boe-a-1994-8985:fragment:articulo:bloque-procedimental-sancionador|Ministerio competente en trafico|DGT|Unidad sancionadora DGT|https://www.boe.es/buscar/act.php?id=BOE-A-1994-8985,auto_assist:role_alignment_failed:role_topic_overlap_zero,DGT,Subdireccion de Gestion de Sanciones,institutional_site,dgt_web_role_exact,https://www.dgt.es/,"nombramiento ""Subdireccion de Gestion de Sanciones"" ""DGT""",7,,,,
delegated_enforcement_v1|es:boe-a-1994-8985:fragment:articulo:bloque-procedimental-sancionador|Ministerio competente en trafico|DGT|Unidad sancionadora DGT|https://www.boe.es/buscar/act.php?id=BOE-A-1994-8985,auto_assist:role_alignment_failed:role_topic_overlap_zero,DGT,Subdireccion de Gestion de Sanciones,institutional_site,dgt_sede,https://sede.dgt.gob.es/,nombramiento Subdireccion de Gestion de Sanciones DGT,8,,,,
delegated_enforcement_v1|es:boe-a-1994-8985:fragment:articulo:bloque-procedimental-sancionador|Ministerio competente en trafico|DGT|Unidad sancionadora DGT|https://www.boe.es/buscar/act.php?id=BOE-A-1994-8985,auto_assist:role_alignment_failed:role_topic_overlap_zero,DGT,Subdireccion de Gestion de Sanciones,institutional_site,dgt_sede_role_exact,https://sede.dgt.gob.es/,"nombramiento ""Subdireccion de Gestion de Sanciones"" ""DGT""",9,,,,
delegated_enforcement_v1|es:boe-a-1994-8985:fragment:articulo:bloque-procedimental-sancionador|Ministerio competente en trafico|DGT|Unidad sancionadora DGT|https://www.boe.es/buscar/act.php?id=BOE-A-1994-8985,auto_assist:role_alignment_failed:role_topic_overlap_zero,DGT,Subdireccion de Gestion de Sanciones,institutional_site,transparencia_gob,https://transparencia.gob.es/,nombramiento Subdireccion de Gestion de Sanciones DGT,10,,,,
delegated_enforcement_v1|es:boe-a-1994-8985:fragment:articulo:bloque-procedimental-sancionador|Ministerio competente en trafico|DGT|Unidad sancionadora DGT|https://www.boe.es/buscar/act.php?id=BOE-A-1994-8985,auto_assist:role_alignment_failed:role_topic_overlap_zero,DGT,Subdireccion de Gestion de Sanciones,institutional_site,transparencia_gob_role_exact,https://transparencia.gob.es/,"nombramiento ""Subdireccion de Gestion de Sanciones"" ""DGT""",11,,,,
delegated_enforcement_v1|es:boe-a-2004-18398:fragment:articulo:bloque-procedimental-y-de-graduacion|Ministerio de Hacienda|AEAT||https://www.boe.es/buscar/act.php?id=BOE-A-2004-18398,auto_assist:role_alignment_failed:procedural_unit_not_found,AEAT,Unidad procedimental sancionadora,boe_redirector_query,boe_redirector_primary,https://www.boe.es/buscar/redirector.php?accion=Buscar&bd=boe&texto=nombramiento%20Unidad%20procedimental%20sancionadora%20AEAT,nombramiento Unidad procedimental sancionadora AEAT,1,,,,
delegated_enforcement_v1|es:boe-a-2004-18398:fragment:articulo:bloque-procedimental-y-de-graduacion|Ministerio de Hacienda|AEAT||https://www.boe.es/buscar/act.php?id=BOE-A-2004-18398,auto_assist:role_alignment_failed:procedural_unit_not_found,AEAT,Unidad procedimental sancionadora,boe_redirector_query,boe_redirector_secondary,https://www.boe.es/buscar/redirector.php?accion=Buscar&bd=boe&texto=nombramiento%20AEAT,nombramiento AEAT,2,,,,
delegated_enforcement_v1|es:boe-a-2004-18398:fragment:articulo:bloque-procedimental-y-de-graduacion|Ministerio de Hacienda|AEAT||https://www.boe.es/buscar/act.php?id=BOE-A-2004-18398,auto_assist:role_alignment_failed:procedural_unit_not_found,AEAT,Unidad procedimental sancionadora,boe_direct_doc,boe_direct_doc_BOE-A-2024-12397,https://www.boe.es/buscar/doc.php?id=BOE-A-2024-12397,BOE-A-2024-12397,3,BOE-A-2024-12397,29,1,2024-06-19
delegated_enforcement_v1|es:boe-a-2004-18398:fragment:articulo:bloque-procedimental-y-de-graduacion|Ministerio de Hacienda|AEAT||https://www.boe.es/buscar/act.php?id=BOE-A-2004-18398,auto_assist:role_alignment_failed:procedural_unit_not_found,AEAT,Unidad procedimental sancionadora,boe_direct_doc,boe_direct_doc_BOE-A-2010-5072,https://www.boe.es/buscar/doc.php?id=BOE-A-2010-5072,BOE-A-2010-5072,4,BOE-A-2010-5072,28,2,2010-03-27
delegated_enforcement_v1|es:boe-a-2004-18398:fragment:articulo:bloque-procedimental-y-de-graduacion|Ministerio de Hacienda|AEAT||https://www.boe.es/buscar/act.php?id=BOE-A-2004-18398,auto_assist:role_alignment_failed:procedural_unit_not_found,AEAT,Unidad procedimental sancionadora,boe_direct_doc,boe_direct_doc_BOE-A-2008-9974,https://www.boe.es/buscar/doc.php?id=BOE-A-2008-9974,BOE-A-2008-9974,5,BOE-A-2008-9974,27,3,2008-06-11
delegated_enforcement_v1|es:boe-a-2004-18398:fragment:articulo:bloque-procedimental-y-de-graduacion|Ministerio de Hacienda|AEAT||https://www.boe.es/buscar/act.php?id=BOE-A-2004-18398,auto_assist:role_alignment_failed:procedural_unit_not_found,AEAT,Unidad procedimental sancionadora,institutional_site,aeat_web,https://www.agenciatributaria.es/,nombramiento Unidad procedimental sancionadora AEAT,6,,,,
delegated_enforcement_v1|es:boe-a-2004-18398:fragment:articulo:bloque-procedimental-y-de-graduacion|Ministerio de Hacienda|AEAT||https://www.boe.es/buscar/act.php?id=BOE-A-2004-18398,auto_assist:role_alignment_failed:procedural_unit_not_found,AEAT,Unidad procedimental sancionadora,institutional_site,aeat_web_role_exact,https://www.agenciatributaria.es/,"nombramiento ""Unidad procedimental sancionadora"" ""AEAT""",7,,,,
delegated_enforcement_v1|es:boe-a-2004-18398:fragment:articulo:bloque-procedimental-y-de-graduacion|Ministerio de Hacienda|AEAT||https://www.boe.es/buscar/act.php?id=BOE-A-2004-18398,auto_assist:role_alignment_failed:procedural_unit_not_found,AEAT,Unidad procedimental sancionadora,institutional_site,aeat_sede,https://sede.agenciatributaria.gob.es/,nombramiento Unidad procedimental sancionadora AEAT,8,,,,
delegated_enforcement_v1|es:boe-a-2004-18398:fragment:articulo:bloque-procedimental-y-de-graduacion|Ministerio de Hacienda|AEAT||https://www.boe.es/buscar/act.php?id=BOE-A-2004-18398,auto_assist:role_alignment_failed:procedural_unit_not_found,AEAT,Unidad procedimental sancionadora,institutional_site,aeat_sede_role_exact,https://sede.agenciatributaria.gob.es/,"nombramiento ""Unidad procedimental sancionadora"" ""AEAT""",9,,,,
delegated_enforcement_v1|es:boe-a-2004-18398:fragment:articulo:bloque-procedimental-y-de-graduacion|Ministerio de Hacienda|AEAT||https://www.boe.es/buscar/act.php?id=BOE-A-2004-18398,auto_assist:role_alignment_failed:procedural_unit_not_found,AEAT,Unidad procedimental sancionadora,institutional_site,transparencia_gob,https://transparencia.gob.es/,nombramiento Unidad procedimental sancionadora AEAT,10,,,,
delegated_enforcement_v1|es:boe-a-2004-18398:fragment:articulo:bloque-procedimental-y-de-graduacion|Ministerio de Hacienda|AEAT||https://www.boe.es/buscar/act.php?id=BOE-A-2004-18398,auto_assist:role_alignment_failed:procedural_unit_not_found,AEAT,Unidad procedimental sancionadora,institutional_site,transparencia_gob_role_exact,https://transparencia.gob.es/,"nombramiento ""Unidad procedimental sancionadora"" ""AEAT""",11,,,,
