initiative_id,doc_kind,doc_url,last_http_status,attempts,last_attempt_at,last_error
senado:leg14:exp:622/000026,ds,https://www.senado.es/web/actividadparlamentaria/iniciativas/detalleiniciativa/index.html?legis=14&id1=622&id2=000026,404,18,2026-02-28T22:52:51+00:00,HTTPStatusError: archive fallback: no snapshot candidates
senado:leg14:exp:622/000039,ds,https://www.senado.es/web/actividadparlamentaria/iniciativas/detalleiniciativa/index.html?legis=14&id1=622&id2=000039,404,18,2026-02-28T22:52:51+00:00,HTTPStatusError: archive fallback: no snapshot candidates
senado:leg14:exp:622/000064,ds,https://www.senado.es/web/actividadparlamentaria/iniciativas/detalleiniciativa/index.html?legis=14&id1=622&id2=000064,404,17,2026-02-28T22:52:51+00:00,HTTPStatusError: archive fallback: no snapshot candidates
senado:leg14:exp:626/000008,ds,https://www.senado.es/web/actividadparlamentaria/iniciativas/detalleiniciativa/index.html?legis=14&id1=626&id2=000008,404,16,2026-02-28T23:14:51+00:00,HTTPStatusError: archive fallback: no snapshot candidates
senado:leg14:exp:626/000003,ds,https://www.senado.es/web/actividadparlamentaria/iniciativas/detalleiniciativa/index.html?legis=14&id1=626&id2=000003,404,15,2026-02-28T23:14:51+00:00,HTTPStatusError: archive fallback: no snapshot candidates
senado:leg14:exp:626/000001,ds,https://www.senado.es/web/actividadparlamentaria/iniciativas/detalleiniciativa/index.html?legis=14&id1=626&id2=000001,404,14,2026-02-28T23:14:51+00:00,HTTPStatusError: archive fallback: no snapshot candidates
senado:leg14:exp:621/000066,ds,https://www.senado.es/web/actividadparlamentaria/iniciativas/detalleiniciativa/index.html?legis=14&id1=621&id2=000066,404,9,2026-02-28T22:52:51+00:00,HTTPStatusError: archive fallback: no snapshot candidates
senado:leg14:exp:621/000069,ds,https://www.senado.es/web/actividadparlamentaria/iniciativas/detalleiniciativa/index.html?legis=14&id1=621&id2=000069,404,9,2026-02-28T22:52:51+00:00,HTTPStatusError: archive fallback: no snapshot candidates
senado:leg14:exp:621/000070,ds,https://www.senado.es/web/actividadparlamentaria/iniciativas/detalleiniciativa/index.html?legis=14&id1=621&id2=000070,404,9,2026-02-28T22:52:51+00:00,HTTPStatusError: archive fallback: no snapshot candidates
senado:leg14:exp:621/000071,ds,https://www.senado.es/web/actividadparlamentaria/iniciativas/detalleiniciativa/index.html?legis=14&id1=621&id2=000071,404,8,2026-02-28T22:52:51+00:00,HTTPStatusError: archive fallback: no snapshot candidates
senado:leg14:exp:621/000072,ds,https://www.senado.es/web/actividadparlamentaria/iniciativas/detalleiniciativa/index.html?legis=14&id1=621&id2=000072,404,8,2026-02-28T22:52:51+00:00,HTTPStatusError: archive fallback: no snapshot candidates
senado:leg14:exp:621/000073,ds,https://www.senado.es/web/actividadparlamentaria/iniciativas/detalleiniciativa/index.html?legis=14&id1=621&id2=000073,404,8,2026-02-28T22:52:51+00:00,HTTPStatusError: archive fallback: no snapshot candidates
senado:leg14:exp:621/000074,ds,https://www.senado.es/web/actividadparlamentaria/iniciativas/detalleiniciativa/index.html?legis=14&id1=621&id2=000074,404,8,2026-02-28T22:52:51+00:00,HTTPStatusError: archive fallback: no snapshot candidates
senado:leg10:exp:610/000146,ds,https://www.senado.es/web/actividadparlamentaria/iniciativas/detalleiniciativa/index.html?legis=10&id1=610&id2=000146,404,7,2026-02-28T23:14:51+00:00,HTTPStatusError: archive fallback: no snapshot candidates
senado:leg10:exp:622/000002,ds,https://www.senado.es/web/actividadparlamentaria/iniciativas/detalleiniciativa/index.html?legis=10&id1=622&id2=000002,404,7,2026-02-28T23:14:51+00:00,HTTPStatusError: archive fallback: no snapshot candidates
senado:leg14:exp:624/000013,ds,https://www.senado.es/web/actividadparlamentaria/iniciativas/detalleiniciativa/index.html?legis=14&id1=624&id2=000013,404,6,2026-02-28T22:52:51+00:00,HTTPStatusError: archive fallback: no snapshot candidates
senado:leg14:exp:624/000017,ds,https://www.senado.es/web/actividadparlamentaria/iniciativas/detalleiniciativa/index.html?legis=14&id1=624&id2=000017,404,6,2026-02-28T22:52:51+00:00,HTTPStatusError: archive fallback: no snapshot candidates
senado:leg14:exp:624/000019,ds,https://www.senado.es/web/actividadparlamentaria/iniciativas/detalleiniciativa/index.html?legis=14&id1=624&id2=000019,404,6,2026-02-28T22:52:51+00:00,HTTPStatusError: archive fallback: no snapshot candidates
senado:leg10:exp:610/000113,ds,https://www.senado.es/web/actividadparlamentaria/iniciativas/detalleiniciativa/index.html?legis=10&id1=610&id2=000113,404,5,2026-02-28T23:14:51+00:00,HTTPStatusError: archive fallback: no snapshot candidates
senado:leg10:exp:610/000114,ds,https://www.senado.es/web/actividadparlamentaria/iniciativas/detalleiniciativa/index.html?legis=10&id1=610&id2=000114,404,5,2026-02-28T23:14:51+00:00,HTTPStatusError: archive fallback: no snapshot candidates
senado:leg10:exp:610/000115,ds,https://www.senado.es/web/actividadparlamentaria/iniciativas/detalleiniciativa/index.html?legis=10&id1=610&id2=000115,404,5,2026-02-28T23:14:51+00:00,HTTPStatusError: archive fallback: no snapshot candidates
senado:leg10:exp:610/000116,ds,https://www.senado.es/web/actividadparlamentaria/iniciativas/detalleiniciativa/index.html?legis=10&id1=610&id2=000116,404,5,2026-02-28T23:14:51+00:00,HTTPStatusError: archive fallback: no snapshot candidates
senado:leg10:exp:610/000117,ds,https://www.senado.es/web/actividadparlamentaria/iniciativas/detalleiniciativa/index.html?legis=10&id1=610&id2=000117,404,5,2026-02-28T23:14:51+00:00,HTTPStatusError: archive fallback: no snapshot candidates
senado:leg10:exp:610/000118,ds,https://www.senado.es/web/actividadparlamentaria/iniciativas/detalleiniciativa/index.html?legis=10&id1=610&id2=000118,404,5,2026-02-28T23:14:51+00:00,HTTPStatusError: archive fallback: no snapshot candidates
senado:leg10:exp:610/000119,ds,https://www.senado.es/web/actividadparlamentaria/iniciativas/detalleiniciativa/index.html?legis=10&id1=610&id2=000119,404,5,2026-02-28T23:14:51+00:00,HTTPStatusError: archive fallback: no snapshot candidates
senado:leg10:exp:610/000120,ds,https://www.senado.es/web/actividadparlamentaria/iniciativas/detalleiniciativa/index.html?legis=10&id1=610&id2=000120,404,5,2026-02-28T23:14:51+00:00,HTTPStatusError: archive fallback: no snapshot candidates
senado:leg10:exp:610/000121,ds,https://www.senado.es/web/actividadparlamentaria/iniciativas/detalleiniciativa/index.html?legis=10&id1=610&id2=000121,404,5,2026-02-28T23:14:51+00:00,HTTPStatusError: archive fallback: no snapshot candidates
senado:leg10:exp:610/000122,ds,https://www.senado.es/web/actividadparlamentaria/iniciativas/detalleiniciativa/index.html?legis=10&id1=610&id2=000122,404,5,2026-02-28T23:14:51+00:00,HTTPStatusError: archive fallback: no snapshot candidates
senado:leg10:exp:610/000123,ds,https://www.senado.es/web/actividadparlamentaria/iniciativas/detalleiniciativa/index.html?legis=10&id1=610&id2=000123,404,5,2026-02-28T23:14:51+00:00,HTTPStatusError: archive fallback: no snapshot candidates
senado:leg10:exp:610/000124,ds,https://www.senado.es/web/actividadparlamentaria/iniciativas/detalleiniciativa/index.html?legis=10&id1=610&id2=000124,404,5,2026-02-28T23:14:51+00:00,HTTPStatusError: archive fallback: no snapshot candidates
senado:leg10:exp:610/000126,ds,https://www.senado.es/web/actividadparlamentaria/iniciativas/detalleiniciativa/index.html?legis=10&id1=610&id2=000126,404,5,2026-02-28T23:14:51+00:00,HTTPStatusError: archive fallback: no snapshot candidates
senado:leg10:exp:610/000127,ds,https://www.senado.es/web/actividadparlamentaria/iniciativas/detalleiniciativa/index.html?legis=10&id1=610&id2=000127,404,5,2026-02-28T23:14:51+00:00,HTTPStatusError: archive fallback: no snapshot candidates
senado:leg10:exp:610/000128,ds,https://www.senado.es/web/actividadparlamentaria/iniciativas/detalleiniciativa/index.html?legis=10&id1=610&id2=000128,404,5,2026-02-28T23:14:51+00:00,HTTPStatusError: archive fallback: no snapshot candidates
senado:leg10:exp:610/000129,ds,https://www.senado.es/web/actividadparlamentaria/iniciativas/detalleiniciativa/index.html?legis=10&id1=610&id2=000129,404,5,2026-02-28T23:14:51+00:00,HTTPStatusError: archive fallback: no snapshot candidates
senado:leg10:exp:610/000130,ds,https://www.senado.es/web/actividadparlamentaria/iniciativas/detalleiniciativa/index.html?legis=10&id1=610&id2=000130,404,5,2026-02-28T23:14:51+00:00,HTTPStatusError: archive fallback: no snapshot candidates
senado:leg10:exp:610/000131,ds,https://www.senado.es/web/actividadparlamentaria/iniciativas/detalleiniciativa/index.html?legis=10&id1=610&id2=000131,404,5,2026-02-28T23:14:51+00:00,HTTPStatusError: archive fallback: no snapshot candidates
senado:leg10:exp:610/000132,ds,https://www.senado.es/web/actividadparlamentaria/iniciativas/detalleiniciativa/index.html?legis=10&id1=610&id2=000132,404,5,2026-02-28T23:14:51+00:00,HTTPStatusError: archive fallback: no snapshot candidates
senado:leg10:exp:610/000133,ds,https://www.senado.es/web/actividadparlamentaria/iniciativas/detalleiniciativa/index.html?legis=10&id1=610&id2=000133,404,5,2026-02-28T23:14:51+00:00,HTTPStatusError: archive fallback: no snapshot candidates
senado:leg10:exp:610/000134,ds,https://www.senado.es/web/actividadparlamentaria/iniciativas/detalleiniciativa/index.html?legis=10&id1=610&id2=000134,404,5,2026-02-28T23:14:51+00:00,HTTPStatusError: archive fallback: no snapshot candidates
senado:leg10:exp:610/000135,ds,https://www.senado.es/web/actividadparlamentaria/iniciativas/detalleiniciativa/index.html?legis=10&id1=610&id2=000135,404,5,2026-02-28T23:14:51+00:00,HTTPStatusError: archive fallback: no snapshot candidates
senado:leg10:exp:610/000137,ds,https://www.senado.es/web/actividadparlamentaria/iniciativas/detalleiniciativa/index.html?legis=10&id1=610&id2=000137,404,5,2026-02-28T23:14:51+00:00,HTTPStatusError: archive fallback: no snapshot candidates
senado:leg10:exp:610/000138,ds,https://www.senado.es/web/actividadparlamentaria/iniciativas/detalleiniciativa/index.html?legis=10&id1=610&id2=000138,404,5,2026-02-28T23:14:51+00:00,HTTPStatusError: archive fallback: no snapshot candidates
senado:leg10:exp:610/000139,ds,https://www.senado.es/web/actividadparlamentaria/iniciativas/detalleiniciativa/index.html?legis=10&id1=610&id2=000139,404,5,2026-02-28T23:14:51+00:00,HTTPStatusError: archive fallback: no snapshot candidates
senado:leg14:exp:624/000009,ds,https://www.senado.es/web/actividadparlamentaria/iniciativas/detalleiniciativa/index.html?legis=14&id1=624&id2=000009,404,5,2026-02-28T22:52:51+00:00,HTTPStatusError: archive fallback: no snapshot candidates
senado:leg14:exp:625/000001,ds,https://www.senado.es/web/actividadparlamentaria/iniciativas/detalleiniciativa/index.html?legis=14&id1=625&id2=000001,404,5,2026-02-28T23:14:51+00:00,HTTPStatusError: archive fallback: no snapshot candidates
senado:leg10:exp:610/000109,ds,https://www.senado.es/web/actividadparlamentaria/iniciativas/detalleiniciativa/index.html?legis=10&id1=610&id2=000109,404,4,2026-02-28T23:14:51+00:00,HTTPStatusError: archive fallback: no snapshot candidates
senado:leg10:exp:610/000110,ds,https://www.senado.es/web/actividadparlamentaria/iniciativas/detalleiniciativa/index.html?legis=10&id1=610&id2=000110,404,4,2026-02-28T23:14:51+00:00,HTTPStatusError: archive fallback: no snapshot candidates
senado:leg10:exp:610/000111,ds,https://www.senado.es/web/actividadparlamentaria/iniciativas/detalleiniciativa/index.html?legis=10&id1=610&id2=000111,404,4,2026-02-28T23:14:51+00:00,HTTPStatusError: archive fallback: no snapshot candidates
senado:leg10:exp:610/000112,ds,https://www.senado.es/web/actividadparlamentaria/iniciativas/detalleiniciativa/index.html?legis=10&id1=610&id2=000112,404,4,2026-02-28T23:14:51+00:00,HTTPStatusError: archive fallback: no snapshot candidates
senado:leg10:exp:610/000058,ds,https://www.senado.es/web/actividadparlamentaria/iniciativas/detalleiniciativa/index.html?legis=10&id1=610&id2=000058,404,3,2026-02-28T23:14:51+00:00,HTTPStatusError: archive fallback: no snapshot candidates
senado:leg10:exp:610/000070,ds,https://www.senado.es/web/actividadparlamentaria/iniciativas/detalleiniciativa/index.html?legis=10&id1=610&id2=000070,404,3,2026-02-28T23:14:51+00:00,HTTPStatusError: archive fallback: no snapshot candidates
senado:leg10:exp:610/000073,ds,https://www.senado.es/web/actividadparlamentaria/iniciativas/detalleiniciativa/index.html?legis=10&id1=610&id2=000073,404,3,2026-02-28T23:14:51+00:00,HTTPStatusError: archive fallback: no snapshot candidates
senado:leg10:exp:610/000079,ds,https://www.senado.es/web/actividadparlamentaria/iniciativas/detalleiniciativa/index.html?legis=10&id1=610&id2=000079,404,3,2026-02-28T23:14:51+00:00,HTTPStatusError: archive fallback: no snapshot candidates
senado:leg10:exp:610/000080,ds,https://www.senado.es/web/actividadparlamentaria/iniciativas/detalleiniciativa/index.html?legis=10&id1=610&id2=000080,404,3,2026-02-28T23:14:51+00:00,HTTPStatusError: archive fallback: no snapshot candidates
senado:leg10:exp:610/000081,ds,https://www.senado.es/web/actividadparlamentaria/iniciativas/detalleiniciativa/index.html?legis=10&id1=610&id2=000081,404,3,2026-02-28T23:14:51+00:00,HTTPStatusError: archive fallback: no snapshot candidates
senado:leg10:exp:610/000082,ds,https://www.senado.es/web/actividadparlamentaria/iniciativas/detalleiniciativa/index.html?legis=10&id1=610&id2=000082,404,3,2026-02-28T23:14:51+00:00,HTTPStatusError: archive fallback: no snapshot candidates
senado:leg10:exp:610/000083,ds,https://www.senado.es/web/actividadparlamentaria/iniciativas/detalleiniciativa/index.html?legis=10&id1=610&id2=000083,404,3,2026-02-28T23:14:51+00:00,HTTPStatusError: archive fallback: no snapshot candidates
senado:leg10:exp:610/000084,ds,https://www.senado.es/web/actividadparlamentaria/iniciativas/detalleiniciativa/index.html?legis=10&id1=610&id2=000084,404,3,2026-02-28T23:14:51+00:00,HTTPStatusError: archive fallback: no snapshot candidates
senado:leg10:exp:610/000085,ds,https://www.senado.es/web/actividadparlamentaria/iniciativas/detalleiniciativa/index.html?legis=10&id1=610&id2=000085,404,3,2026-02-28T23:14:51+00:00,HTTPStatusError: archive fallback: no snapshot candidates
senado:leg10:exp:610/000086,ds,https://www.senado.es/web/actividadparlamentaria/iniciativas/detalleiniciativa/index.html?legis=10&id1=610&id2=000086,404,3,2026-02-28T23:14:51+00:00,HTTPStatusError: archive fallback: no snapshot candidates
senado:leg10:exp:610/000096,ds,https://www.senado.es/web/actividadparlamentaria/iniciativas/detalleiniciativa/index.html?legis=10&id1=610&id2=000096,404,3,2026-02-28T23:14:51+00:00,HTTPStatusError: archive fallback: no snapshot candidates
senado:leg10:exp:610/000097,ds,https://www.senado.es/web/actividadparlamentaria/iniciativas/detalleiniciativa/index.html?legis=10&id1=610&id2=000097,404,3,2026-02-28T23:14:51+00:00,HTTPStatusError: archive fallback: no snapshot candidates
senado:leg10:exp:610/000099,ds,https://www.senado.es/web/actividadparlamentaria/iniciativas/detalleiniciativa/index.html?legis=10&id1=610&id2=000099,404,3,2026-02-28T23:14:51+00:00,HTTPStatusError: archive fallback: no snapshot candidates
senado:leg10:exp:610/000100,ds,https://www.senado.es/web/actividadparlamentaria/iniciativas/detalleiniciativa/index.html?legis=10&id1=610&id2=000100,404,3,2026-02-28T23:14:51+00:00,HTTPStatusError: archive fallback: no snapshot candidates
senado:leg10:exp:610/000101,ds,https://www.senado.es/web/actividadparlamentaria/iniciativas/detalleiniciativa/index.html?legis=10&id1=610&id2=000101,404,3,2026-02-28T23:14:51+00:00,HTTPStatusError: archive fallback: no snapshot candidates
senado:leg10:exp:610/000102,ds,https://www.senado.es/web/actividadparlamentaria/iniciativas/detalleiniciativa/index.html?legis=10&id1=610&id2=000102,404,3,2026-02-28T23:14:51+00:00,HTTPStatusError: archive fallback: no snapshot candidates
senado:leg10:exp:610/000103,ds,https://www.senado.es/web/actividadparlamentaria/iniciativas/detalleiniciativa/index.html?legis=10&id1=610&id2=000103,404,3,2026-02-28T23:14:51+00:00,HTTPStatusError: archive fallback: no snapshot candidates
senado:leg10:exp:610/000104,ds,https://www.senado.es/web/actividadparlamentaria/iniciativas/detalleiniciativa/index.html?legis=10&id1=610&id2=000104,404,3,2026-02-28T23:14:51+00:00,HTTPStatusError: archive fallback: no snapshot candidates
senado:leg10:exp:610/000105,ds,https://www.senado.es/web/actividadparlamentaria/iniciativas/detalleiniciativa/index.html?legis=10&id1=610&id2=000105,404,3,2026-02-28T23:14:51+00:00,HTTPStatusError: archive fallback: no snapshot candidates
