party_name,source_url,excerpt
BNG,https://www.bng.gal/estaticas/programas-eleitorais.html,"documentos asinados entre altri e a xunta que o pp oculta 07 feb 26 etiqueta altri parlamento galego queixas empraza o pp a escoitar o clamor da comunidade escolar da coruna estouparon as costuras do ensino 27 feb 26 etiqueta educacion a coruna parlamento gale"
BNG,https://www.bng.gal/estaticas/programas-eleitorais.html,"tual comunicado da executiva nacional do bng de apoio ao pobo cubano 03 feb 26 etiqueta comunicado bng cuba politica internacional ponton chama a mobilizacion masiva en defensa da sanidade publica e contra os recortes e privatizacions do pp de rueda 31 xan 26 "
BNG,https://www.bng.gal/estaticas/programas-eleitorais.html,"o pp oculta 07 feb 26 etiqueta altri parlamento galego queixas empraza o pp a escoitar o clamor da comunidade escolar da coruna estouparon as costuras do ensino 27 feb 26 etiqueta educacion a coruna parlamento galego parlamento europeo bng rexeita a entrada en"
BNG,https://www.bng.gal/estaticas/programas-eleitorais.html,"botanos unha man multimedia videos galerias seguenos facebook tiktok twitter bluesky youtube instagram rss programas eleitorais 2024 europeas decalogo de principios do bng pdf galegas programa de goberno pdf 2023 xerais programa electoral pdf decalogo de compr"
BNG,https://www.bng.gal/estaticas/programas-eleitorais.html,"search menu quen somos principios politicos principios organizativos consello nacional executiva nacional comarcas e localidades carta financeira principios de actuacion protocolo violencias machistas identidade corporativa musicas do bng e sintonia oficial re"
BNG,https://www.bng.gal/estaticas/programas-eleitorais.html,"fene parlamento galego parlamento galego bng denuncia a falta dun plan por parte da xunta de rueda para a xestion do xabaril ante a peste porcina africana 27 feb 26 etiqueta medio rural parlamento galego afiliate faite do bloque animate a dar o paso sumate ao "
BNG,https://www.bng.gal/estaticas/programas-eleitorais.html,"documentos asinados entre altri e a xunta que o pp oculta 07 feb 26 etiqueta altri parlamento galego queixas empraza o pp a escoitar o clamor da comunidade escolar da coruna estouparon as costuras do ensino 27 feb 26 etiqueta educacion a coruna parlamento gale"
BNG,https://www.bng.gal/estaticas/programas-eleitorais.html,"tual comunicado da executiva nacional do bng de apoio ao pobo cubano 03 feb 26 etiqueta comunicado bng cuba politica internacional ponton chama a mobilizacion masiva en defensa da sanidade publica e contra os recortes e privatizacions do pp de rueda 31 xan 26 "
BNG,https://www.bng.gal/estaticas/programas-eleitorais.html,"o pp oculta 07 feb 26 etiqueta altri parlamento galego queixas empraza o pp a escoitar o clamor da comunidade escolar da coruna estouparon as costuras do ensino 27 feb 26 etiqueta educacion a coruna parlamento galego parlamento europeo bng rexeita a entrada en"
BNG,https://www.bng.gal/estaticas/programas-eleitorais.html,"botanos unha man multimedia videos galerias seguenos facebook tiktok twitter bluesky youtube instagram rss programas eleitorais 2024 europeas decalogo de principios do bng pdf galegas programa de goberno pdf 2023 xerais programa electoral pdf decalogo de compr"
BNG,https://www.bng.gal/estaticas/programas-eleitorais.html,"search menu quen somos principios politicos principios organizativos consello nacional executiva nacional comarcas e localidades carta financeira principios de actuacion protocolo violencias machistas identidade corporativa musicas do bng e sintonia oficial re"
BNG,https://www.bng.gal/estaticas/programas-eleitorais.html,"fene parlamento galego parlamento galego bng denuncia a falta dun plan por parte da xunta de rueda para a xestion do xabaril ante a peste porcina africana 27 feb 26 etiqueta medio rural parlamento galego afiliate faite do bloque animate a dar o paso sumate ao "
BNG,https://www.bng.gal/estaticas/programas-eleitorais.html,"documentos asinados entre altri e a xunta que o pp oculta 07 feb 26 etiqueta altri parlamento galego queixas empraza o pp a escoitar o clamor da comunidade escolar da coruna estouparon as costuras do ensino 27 feb 26 etiqueta educacion a coruna parlamento gale"
BNG,https://www.bng.gal/estaticas/programas-eleitorais.html,"tual comunicado da executiva nacional do bng de apoio ao pobo cubano 03 feb 26 etiqueta comunicado bng cuba politica internacional ponton chama a mobilizacion masiva en defensa da sanidade publica e contra os recortes e privatizacions do pp de rueda 31 xan 26 "
BNG,https://www.bng.gal/estaticas/programas-eleitorais.html,"o pp oculta 07 feb 26 etiqueta altri parlamento galego queixas empraza o pp a escoitar o clamor da comunidade escolar da coruna estouparon as costuras do ensino 27 feb 26 etiqueta educacion a coruna parlamento galego parlamento europeo bng rexeita a entrada en"
BNG,https://www.bng.gal/estaticas/programas-eleitorais.html,"botanos unha man multimedia videos galerias seguenos facebook tiktok twitter bluesky youtube instagram rss programas eleitorais 2024 europeas decalogo de principios do bng pdf galegas programa de goberno pdf 2023 xerais programa electoral pdf decalogo de compr"
BNG,https://www.bng.gal/estaticas/programas-eleitorais.html,"search menu quen somos principios politicos principios organizativos consello nacional executiva nacional comarcas e localidades carta financeira principios de actuacion protocolo violencias machistas identidade corporativa musicas do bng e sintonia oficial re"
BNG,https://www.bng.gal/estaticas/programas-eleitorais.html,"fene parlamento galego parlamento galego bng denuncia a falta dun plan por parte da xunta de rueda para a xestion do xabaril ante a peste porcina africana 27 feb 26 etiqueta medio rural parlamento galego afiliate faite do bloque animate a dar o paso sumate ao "
BNG,https://www.bng.gal/media/bnggaliza/files/2024/07/09/EFA-Election-Manifesto-2024_EN.pdf,"ng economic and social crises the united kingdom has withdrawn from the eu the qatargate and moroccogate corruption scandals have shaken public trust in eu politicians while the pegasus revelations have shown the extent to which states are spying on their poli"
BNG,https://www.bng.gal/media/bnggaliza/files/2024/07/09/EFA-Election-Manifesto-2024_EN.pdf,"it generates added value other competences should stay at the local democracy level the eus unique blend of intergovernmentalism and its european level community approach is its strength that is what efa stands for a political model that truly reflects its peo"
BNG,https://www.bng.gal/media/bnggaliza/files/2024/07/09/EFA-Election-Manifesto-2024_EN.pdf,"of every european a global pandemic forced us into lockdown with accompanying economic and social crises the united kingdom has withdrawn from the eu the qatargate and moroccogate corruption scandals have shaken public trust in eu politicians while the pegasus"
BNG,https://www.bng.gal/media/bnggaliza/files/2024/07/09/EFA-Election-Manifesto-2024_EN.pdf,"tive of the communities in which we live efa stands for the human rights of all europeans regardless of who they are europes geography is diverse too it includes densely populated urban areas and rapidly emptying countryside where depopulation is a real proble"
BNG,https://www.bng.gal/media/bnggaliza/files/2024/07/09/EFA-Election-Manifesto-2024_EN.pdf,"future and an institutional framework that empowers them that includes the recognition of their linguistic and cultural rights respect for the principle of subsidiarity increased autonomy or independence we support all democratic and peaceful means to pursue t"
BNG,https://www.bng.gal/media/bnggaliza/files/2024/07/09/EFA-Election-Manifesto-2024_EN.pdf,"institutional framework that empowers them that includes the recognition of their linguistic and cultural rights respect for the principle of subsidiarity increased autonomy or independence we support all democratic and peaceful means to pursue those goals efa"
BNG,https://www.bng.gal/media/bnggaliza/files/2024/07/09/EFA-Election-Manifesto-2024_EN.pdf,"o do so with greater sensitivity for regional needs for example we want to see all eu member states join the schengen zone so long as they meet the merit based conditions not only because it will facilitate long distance supply needs to recognise the changing "
BNG,https://www.bng.gal/media/bnggaliza/files/2024/07/09/EFA-Election-Manifesto-2024_EN.pdf,"compliance with the charter for regional and minority languages and the framework convention for the protection of national minorities and to issue recommendations the refugee and migration flows into europe have placed the union before unprecedented however w"
BNG,https://www.bng.gal/media/bnggaliza/files/2024/07/09/EFA-Election-Manifesto-2024_EN.pdf,"citizens and small businesses or farmers and that it is distributed fairly among europes regions we demand special adaptations for small and medium enterprises smes and for remote rural or peripheral regions and especially isefa 2024 european election manifest"
CCa,https://coalicioncanaria.org/programas-electorales/,"nforme de transparencia documentacion economico financiera codigo etico office compliance proteccion del informante guia de transparencia canal etico denuncias informacion publica contratacion instrucciones internas de contratacion certificaciones perfil del c"
CCa,https://coalicioncanaria.org/programas-electorales/,"on transparencia informe de transparencia documentacion economico financiera codigo etico office compliance proteccion del informante guia de transparencia canal etico denuncias informacion publica contratacion instrucciones internas de contratacion certificac"
CCa,https://coalicioncanaria.org/programas-electorales/,"programas electorales coalicion canaria sugerencias afiliate transparencia navigation conocenos quienes somos organigrama organizacion organos de direccion organizacion territorial organos de direccion juvenil organizacion extraterritorial g"
CCa,https://coalicioncanaria.org/programas-electorales/,"nforme de transparencia documentacion economico financiera codigo etico office compliance proteccion del informante guia de transparencia canal etico denuncias informacion publica contratacion instrucciones internas de contratacion certificaciones perfil del c"
CCa,https://coalicioncanaria.org/programas-electorales/,"on transparencia informe de transparencia documentacion economico financiera codigo etico office compliance proteccion del informante guia de transparencia canal etico denuncias informacion publica contratacion instrucciones internas de contratacion certificac"
CCa,https://coalicioncanaria.org/programas-electorales/,"programas electorales coalicion canaria sugerencias afiliate transparencia navigation conocenos quienes somos organigrama organizacion organos de direccion organizacion territorial organos de direccion juvenil organizacion extraterritorial g"
CCa,https://coalicioncanaria.org/programas-electorales/,"nforme de transparencia documentacion economico financiera codigo etico office compliance proteccion del informante guia de transparencia canal etico denuncias informacion publica contratacion instrucciones internas de contratacion certificaciones perfil del c"
CCa,https://coalicioncanaria.org/programas-electorales/,"on transparencia informe de transparencia documentacion economico financiera codigo etico office compliance proteccion del informante guia de transparencia canal etico denuncias informacion publica contratacion instrucciones internas de contratacion certificac"
CCa,https://coalicioncanaria.org/programas-electorales/,"programas electorales coalicion canaria sugerencias afiliate transparencia navigation conocenos quienes somos organigrama organizacion organos de direccion organizacion territorial organos de direccion juvenil organizacion extraterritorial g"
CUP,https://cup.cat/programa,"s estats pero tambe a la unio europea del capital fomenta que les classes i populars iespecialment les dones de la classe treballadora tinguem pitjors condicions materials de vida salaris mes baixos discriminacio laboral habitatge inaccessible mes temporalitat"
CUP,https://cup.cat/programa,"volem un feminisme per canviar ho tot perque un projecte de societat lliure on tothom pugui viure en dignitat i les dones no siguem el botxi de lacumulacio de riquesa ens exigeix trencar amb el capitalisme i amb lestat espanyol i frances nomes una lluita que e"
CUP,https://cup.cat/programa,"capitalisme quan parlem de violencia estructural ens referim a aquella violencia que afecta les condicions materials i afectives de les dones i que es exercida pel mateix sistema justicia cossos policials sistema sanitari sistema de pensions lobbies de poder l"
CUP,https://cup.cat/programa,"programa de 10 punts sobre feminisme per canviar ho tot candidatura dunitat popular donacions centre destudis inici informat participa formacio municipalista contacte transparencia campanyes premsa que es la cup segueix nos inici informat participa formacio pr"
CUP,https://cup.cat/programa,"s estats pero tambe a la unio europea del capital fomenta que les classes i populars iespecialment les dones de la classe treballadora tinguem pitjors condicions materials de vida salaris mes baixos discriminacio laboral habitatge inaccessible mes temporalitat"
CUP,https://cup.cat/programa,"volem un feminisme per canviar ho tot perque un projecte de societat lliure on tothom pugui viure en dignitat i les dones no siguem el botxi de lacumulacio de riquesa ens exigeix trencar amb el capitalisme i amb lestat espanyol i frances nomes una lluita que e"
CUP,https://cup.cat/programa,"capitalisme quan parlem de violencia estructural ens referim a aquella violencia que afecta les condicions materials i afectives de les dones i que es exercida pel mateix sistema justicia cossos policials sistema sanitari sistema de pensions lobbies de poder l"
CUP,https://cup.cat/programa,"programa de 10 punts sobre feminisme per canviar ho tot candidatura dunitat popular donacions centre destudis inici informat participa formacio municipalista contacte transparencia campanyes premsa que es la cup segueix nos inici informat participa formacio pr"
CUP,https://cup.cat/programa,"s estats pero tambe a la unio europea del capital fomenta que les classes i populars iespecialment les dones de la classe treballadora tinguem pitjors condicions materials de vida salaris mes baixos discriminacio laboral habitatge inaccessible mes temporalitat"
CUP,https://cup.cat/programa,"volem un feminisme per canviar ho tot perque un projecte de societat lliure on tothom pugui viure en dignitat i les dones no siguem el botxi de lacumulacio de riquesa ens exigeix trencar amb el capitalisme i amb lestat espanyol i frances nomes una lluita que e"
CUP,https://cup.cat/programa,"capitalisme quan parlem de violencia estructural ens referim a aquella violencia que afecta les condicions materials i afectives de les dones i que es exercida pel mateix sistema justicia cossos policials sistema sanitari sistema de pensions lobbies de poder l"
CUP,https://cup.cat/programa,"programa de 10 punts sobre feminisme per canviar ho tot candidatura dunitat popular donacions centre destudis inici informat participa formacio municipalista contacte transparencia campanyes premsa que es la cup segueix nos inici informat participa formacio pr"
Ciudadanos,https://www.ciudadanos-cs.org/programa-electoral,"crearemos un centro nacional de protonterapia para poner a espana en la vanguardia mundial de la lucha contra el cancer convertiremos la investigacion biosanitaria en una actividad fundamental de los centros sanitarios promoveremos la captacion de talento inve"
Ciudadanos,https://www.ciudadanos-cs.org/programa-electoral,"anol para incrementar su competitividad y garantizar su futuro ante los retos de la nueva pac contribuiremos desde el sector agrario a los objetivos del plan nacional integrado de energia y clima con un plan renove de maquinaria agricola y forestal para incorp"
Ciudadanos,https://www.ciudadanos-cs.org/programa-electoral,"ce un premio y nosotros queremos que lo tengan paralelamente incrementaremos las becas universitarias para que nadie se quede sin estudiar por falta de recursos y revisaremos los plazos para que siempre lleguen a tiempo garantizaremos que el uso del espanol po"
Ciudadanos,https://www.ciudadanos-cs.org/programa-electoral,"os de autopistas que vencen antes de 2021 la ap 7 autopista del mediterraneo la ap 4 sevilla cadiz y la ap 2 zaragoza mediterraneo v regenerar las instituciones para acabar con la corrupcion mostrar informacion ocultar informacion 1 luchar contra la corrupcion"
Ciudadanos,https://www.ciudadanos-cs.org/programa-electoral,"r cs en el congreso de los diputados y que fueron aprobadas por unanimidad en la pasada legislatura elaboraremos un plan estrategico de patrimonio cultural y actualizaremos la legislacion sobre proteccion del patrimonio impulsaremos una campana de inventariado"
Ciudadanos,https://www.ciudadanos-cs.org/programa-electoral,"crearemos un centro nacional de protonterapia para poner a espana en la vanguardia mundial de la lucha contra el cancer convertiremos la investigacion biosanitaria en una actividad fundamental de los centros sanitarios promoveremos la captacion de talento inve"
Ciudadanos,https://www.ciudadanos-cs.org/programa-electoral,"anol para incrementar su competitividad y garantizar su futuro ante los retos de la nueva pac contribuiremos desde el sector agrario a los objetivos del plan nacional integrado de energia y clima con un plan renove de maquinaria agricola y forestal para incorp"
Ciudadanos,https://www.ciudadanos-cs.org/programa-electoral,"ce un premio y nosotros queremos que lo tengan paralelamente incrementaremos las becas universitarias para que nadie se quede sin estudiar por falta de recursos y revisaremos los plazos para que siempre lleguen a tiempo garantizaremos que el uso del espanol po"
Ciudadanos,https://www.ciudadanos-cs.org/programa-electoral,"os de autopistas que vencen antes de 2021 la ap 7 autopista del mediterraneo la ap 4 sevilla cadiz y la ap 2 zaragoza mediterraneo v regenerar las instituciones para acabar con la corrupcion mostrar informacion ocultar informacion 1 luchar contra la corrupcion"
Ciudadanos,https://www.ciudadanos-cs.org/programa-electoral,"r cs en el congreso de los diputados y que fueron aprobadas por unanimidad en la pasada legislatura elaboraremos un plan estrategico de patrimonio cultural y actualizaremos la legislacion sobre proteccion del patrimonio impulsaremos una campana de inventariado"
Ciudadanos,https://www.ciudadanos-cs.org/programa-electoral,"crearemos un centro nacional de protonterapia para poner a espana en la vanguardia mundial de la lucha contra el cancer convertiremos la investigacion biosanitaria en una actividad fundamental de los centros sanitarios promoveremos la captacion de talento inve"
Ciudadanos,https://www.ciudadanos-cs.org/programa-electoral,"anol para incrementar su competitividad y garantizar su futuro ante los retos de la nueva pac contribuiremos desde el sector agrario a los objetivos del plan nacional integrado de energia y clima con un plan renove de maquinaria agricola y forestal para incorp"
Ciudadanos,https://www.ciudadanos-cs.org/programa-electoral,"ce un premio y nosotros queremos que lo tengan paralelamente incrementaremos las becas universitarias para que nadie se quede sin estudiar por falta de recursos y revisaremos los plazos para que siempre lleguen a tiempo garantizaremos que el uso del espanol po"
Ciudadanos,https://www.ciudadanos-cs.org/programa-electoral,"os de autopistas que vencen antes de 2021 la ap 7 autopista del mediterraneo la ap 4 sevilla cadiz y la ap 2 zaragoza mediterraneo v regenerar las instituciones para acabar con la corrupcion mostrar informacion ocultar informacion 1 luchar contra la corrupcion"
Ciudadanos,https://www.ciudadanos-cs.org/programa-electoral,"r cs en el congreso de los diputados y que fueron aprobadas por unanimidad en la pasada legislatura elaboraremos un plan estrategico de patrimonio cultural y actualizaremos la legislacion sobre proteccion del patrimonio impulsaremos una campana de inventariado"
Ciudadanos,https://www.ciudadanos-cs.org/programa-electoral,"de mayo sera festivo nacional europa es el mejor lugar para defender los intereses de espana apoyaremos los avances en integracion europea en fiscalidad defensa y politica exterior para proteger mejor a los espanoles e impulsaremos un sistema europeo de migrac"
Ciudadanos,https://www.ciudadanos-cs.org/programa-electoral,"de mayo sera festivo nacional europa es el mejor lugar para defender los intereses de espana apoyaremos los avances en integracion europea en fiscalidad defensa y politica exterior para proteger mejor a los espanoles e impulsaremos un sistema europeo de migrac"
Ciudadanos,https://www.ciudadanos-cs.org/programa-electoral,"de mayo sera festivo nacional europa es el mejor lugar para defender los intereses de espana apoyaremos los avances en integracion europea en fiscalidad defensa y politica exterior para proteger mejor a los espanoles e impulsaremos un sistema europeo de migrac"
Compromis,https://compromis.net/programa,"ncia honestedat transparencia i servei a la ciutadania 1lluita contra la corrupcio 2 participacio ciutadana 3 cooperacio internacional 4 justicia 5 un nou model de radio televisio autonomica 6 societat de la informacio 7 reforma de les administracions publique"
Compromis,https://compromis.net/programa,"evencio de danys ambientals i proteccio dels recursos naturals 12 respecte i tracte digne als animals 2 serveis socials 3 persones amb discapacitat i desenvolupament de la llei de dependencia honestedat transparencia i servei a la ciutadania 1lluita contra la "
Compromis,https://compromis.net/programa,"tat i desenvolupament de la llei de dependencia honestedat transparencia i servei a la ciutadania 1lluita contra la corrupcio 2 participacio ciutadana 3 cooperacio internacional 4 justicia 5 un nou model de radio televisio autonomica 6 societat de la informaci"
Compromis,https://compromis.net/programa,"elevisio autonomica 6 societat de la informacio 7 reforma de les administracions publiques 8 mes autogovern mes valencianisme 4 familia 5 persones majors 6 joventut 7 igualtat 8 immigracio 9 drogodependencies 10 habitatge 11 educacio 2026 compromis avis legal "
Compromis,https://compromis.net/programa,"cte digne als animals 2 serveis socials 3 persones amb discapacitat i desenvolupament de la llei de dependencia honestedat transparencia i servei a la ciutadania 1lluita contra la corrupcio 2 participacio ciutadana 3 cooperacio internacional 4 justicia 5 un no"
Compromis,https://compromis.net/programa,"ncia honestedat transparencia i servei a la ciutadania 1lluita contra la corrupcio 2 participacio ciutadana 3 cooperacio internacional 4 justicia 5 un nou model de radio televisio autonomica 6 societat de la informacio 7 reforma de les administracions publique"
Compromis,https://compromis.net/programa,"evencio de danys ambientals i proteccio dels recursos naturals 12 respecte i tracte digne als animals 2 serveis socials 3 persones amb discapacitat i desenvolupament de la llei de dependencia honestedat transparencia i servei a la ciutadania 1lluita contra la "
Compromis,https://compromis.net/programa,"tat i desenvolupament de la llei de dependencia honestedat transparencia i servei a la ciutadania 1lluita contra la corrupcio 2 participacio ciutadana 3 cooperacio internacional 4 justicia 5 un nou model de radio televisio autonomica 6 societat de la informaci"
Compromis,https://compromis.net/programa,"elevisio autonomica 6 societat de la informacio 7 reforma de les administracions publiques 8 mes autogovern mes valencianisme 4 familia 5 persones majors 6 joventut 7 igualtat 8 immigracio 9 drogodependencies 10 habitatge 11 educacio 2026 compromis avis legal "
Compromis,https://compromis.net/programa,"cte digne als animals 2 serveis socials 3 persones amb discapacitat i desenvolupament de la llei de dependencia honestedat transparencia i servei a la ciutadania 1lluita contra la corrupcio 2 participacio ciutadana 3 cooperacio internacional 4 justicia 5 un no"
Compromis,https://compromis.net/programa,"ncia honestedat transparencia i servei a la ciutadania 1lluita contra la corrupcio 2 participacio ciutadana 3 cooperacio internacional 4 justicia 5 un nou model de radio televisio autonomica 6 societat de la informacio 7 reforma de les administracions publique"
Compromis,https://compromis.net/programa,"evencio de danys ambientals i proteccio dels recursos naturals 12 respecte i tracte digne als animals 2 serveis socials 3 persones amb discapacitat i desenvolupament de la llei de dependencia honestedat transparencia i servei a la ciutadania 1lluita contra la "
Compromis,https://compromis.net/programa,"tat i desenvolupament de la llei de dependencia honestedat transparencia i servei a la ciutadania 1lluita contra la corrupcio 2 participacio ciutadana 3 cooperacio internacional 4 justicia 5 un nou model de radio televisio autonomica 6 societat de la informaci"
Compromis,https://compromis.net/programa,"elevisio autonomica 6 societat de la informacio 7 reforma de les administracions publiques 8 mes autogovern mes valencianisme 4 familia 5 persones majors 6 joventut 7 igualtat 8 immigracio 9 drogodependencies 10 habitatge 11 educacio 2026 compromis avis legal "
Compromis,https://compromis.net/programa,"cte digne als animals 2 serveis socials 3 persones amb discapacitat i desenvolupament de la llei de dependencia honestedat transparencia i servei a la ciutadania 1lluita contra la corrupcio 2 participacio ciutadana 3 cooperacio internacional 4 justicia 5 un no"
EAJ-PNV,https://www.eaj-pnv.eus/documentos,"ciacion hemen iparralde bakaikoa ibarra bandres ezeizabarrena castells upv ehu bakartxo tejeria otermin baleren bakaikoa baleren bakaikoa xabier barrutia amaia lizarralde y mikel zurbano profesores de economia beatriz artolazabal begona rodriguez urriz belen g"
EAJ-PNV,https://www.eaj-pnv.eus/documentos,"a enmiendas enmiendas de otros grupos entrevistas estatuto de autonomia estatutos euskadi europa folleto informes iniciativas interpelacion intervencion intervencion inigo urkullu jornadas juramento lista electoral manifiesto manifiesto aberri eguna nota de pr"
EAJ-PNV,https://www.eaj-pnv.eus/documentos,"ies configuracion de cookies aceptar todas rechazar todas configuracion de cookies privacidad cookies de personalizacion de interfaz cookies de funcionalidad cookies de analisis o medicion cookies de marketing privacidad eaj pnv usa cookies para permitir la na"
EAJ-PNV,https://www.eaj-pnv.eus/documentos,"opeo buru batzarrak araba buru batzar bizkai buru batzar gipuzko buru batzar ipar buru batzar napar buru batzar politica de cookies clausula de confidencialidad canal interno de informacion eaj pnv usa cookies para permitir la navegacion a traves de su pagina "
EAJ-PNV,https://www.eaj-pnv.eus/documentos,"documentos y descargas web oficial partido nacionalista vasco estas usando un navegador desactualizado por favor actualiza tu navegador para mejorar tu experiencia noticias mediateca documentos agend"
EAJ-PNV,https://www.eaj-pnv.eus/documentos,"controlar el trafico y la comunicacion de los datos acceder a partes de acceso restringido realizar la solicitud de inscripcion o participacion en un evento utilizar elementos de seguridad durante la navegacion almacenar contenidos para la difusion de videos o"
EAJ-PNV,https://www.eaj-pnv.eus/documentos,"a es eu fr en noticias mediateca documentos agenda contacto nuestras sedes afiliate suscribete al boletin conoce eaj pnv organizacion interna historia e ideologia asamblea general transparencia cuentas anuales euzko gaztedi siguenos documentos buscador de docu"
EAJ-PNV,https://www.eaj-pnv.eus/documentos,"r irigoras albert branchadell alberto alberdi alejandro sota alfredo etxebarria almudena otaola almudena otaola koldo martinez alvaro amman alvaro iturritxa amaia arregi amaia del campo amaia espinosa amaiur guindeo amatino ana aguirre ana esther furundarena a"
EAJ-PNV,https://www.eaj-pnv.eus/documentos,"compromiso comunicado conclusiones convenios curriculums debates declaracion declaraciones institucionales dia internacional contra la violencia de genero dia internacional de las mujeres discurso discurso de inigo urkulu documento anexo 1 documento anexo 2 do"
EAJ-PNV,https://www.eaj-pnv.eus/documentos,"ciacion hemen iparralde bakaikoa ibarra bandres ezeizabarrena castells upv ehu bakartxo tejeria otermin baleren bakaikoa baleren bakaikoa xabier barrutia amaia lizarralde y mikel zurbano profesores de economia beatriz artolazabal begona rodriguez urriz belen g"
EAJ-PNV,https://www.eaj-pnv.eus/documentos,"a enmiendas enmiendas de otros grupos entrevistas estatuto de autonomia estatutos euskadi europa folleto informes iniciativas interpelacion intervencion intervencion inigo urkullu jornadas juramento lista electoral manifiesto manifiesto aberri eguna nota de pr"
EAJ-PNV,https://www.eaj-pnv.eus/documentos,"ies configuracion de cookies aceptar todas rechazar todas configuracion de cookies privacidad cookies de personalizacion de interfaz cookies de funcionalidad cookies de analisis o medicion cookies de marketing privacidad eaj pnv usa cookies para permitir la na"
EAJ-PNV,https://www.eaj-pnv.eus/documentos,"opeo buru batzarrak araba buru batzar bizkai buru batzar gipuzko buru batzar ipar buru batzar napar buru batzar politica de cookies clausula de confidencialidad canal interno de informacion eaj pnv usa cookies para permitir la navegacion a traves de su pagina "
EAJ-PNV,https://www.eaj-pnv.eus/documentos,"documentos y descargas web oficial partido nacionalista vasco estas usando un navegador desactualizado por favor actualiza tu navegador para mejorar tu experiencia noticias mediateca documentos agend"
EAJ-PNV,https://www.eaj-pnv.eus/documentos,"controlar el trafico y la comunicacion de los datos acceder a partes de acceso restringido realizar la solicitud de inscripcion o participacion en un evento utilizar elementos de seguridad durante la navegacion almacenar contenidos para la difusion de videos o"
EAJ-PNV,https://www.eaj-pnv.eus/documentos,"a es eu fr en noticias mediateca documentos agenda contacto nuestras sedes afiliate suscribete al boletin conoce eaj pnv organizacion interna historia e ideologia asamblea general transparencia cuentas anuales euzko gaztedi siguenos documentos buscador de docu"
EAJ-PNV,https://www.eaj-pnv.eus/documentos,"r irigoras albert branchadell alberto alberdi alejandro sota alfredo etxebarria almudena otaola almudena otaola koldo martinez alvaro amman alvaro iturritxa amaia arregi amaia del campo amaia espinosa amaiur guindeo amatino ana aguirre ana esther furundarena a"
EAJ-PNV,https://www.eaj-pnv.eus/documentos,"compromiso comunicado conclusiones convenios curriculums debates declaracion declaraciones institucionales dia internacional contra la violencia de genero dia internacional de las mujeres discurso discurso de inigo urkulu documento anexo 1 documento anexo 2 do"
EAJ-PNV,https://www.eaj-pnv.eus/documentos,"ciacion hemen iparralde bakaikoa ibarra bandres ezeizabarrena castells upv ehu bakartxo tejeria otermin baleren bakaikoa baleren bakaikoa xabier barrutia amaia lizarralde y mikel zurbano profesores de economia beatriz artolazabal begona rodriguez urriz belen g"
EAJ-PNV,https://www.eaj-pnv.eus/documentos,"a enmiendas enmiendas de otros grupos entrevistas estatuto de autonomia estatutos euskadi europa folleto informes iniciativas interpelacion intervencion intervencion inigo urkullu jornadas juramento lista electoral manifiesto manifiesto aberri eguna nota de pr"
EAJ-PNV,https://www.eaj-pnv.eus/documentos,"ies configuracion de cookies aceptar todas rechazar todas configuracion de cookies privacidad cookies de personalizacion de interfaz cookies de funcionalidad cookies de analisis o medicion cookies de marketing privacidad eaj pnv usa cookies para permitir la na"
EAJ-PNV,https://www.eaj-pnv.eus/documentos,"opeo buru batzarrak araba buru batzar bizkai buru batzar gipuzko buru batzar ipar buru batzar napar buru batzar politica de cookies clausula de confidencialidad canal interno de informacion eaj pnv usa cookies para permitir la navegacion a traves de su pagina "
EAJ-PNV,https://www.eaj-pnv.eus/documentos,"documentos y descargas web oficial partido nacionalista vasco estas usando un navegador desactualizado por favor actualiza tu navegador para mejorar tu experiencia noticias mediateca documentos agend"
EAJ-PNV,https://www.eaj-pnv.eus/documentos,"controlar el trafico y la comunicacion de los datos acceder a partes de acceso restringido realizar la solicitud de inscripcion o participacion en un evento utilizar elementos de seguridad durante la navegacion almacenar contenidos para la difusion de videos o"
EAJ-PNV,https://www.eaj-pnv.eus/documentos,"a es eu fr en noticias mediateca documentos agenda contacto nuestras sedes afiliate suscribete al boletin conoce eaj pnv organizacion interna historia e ideologia asamblea general transparencia cuentas anuales euzko gaztedi siguenos documentos buscador de docu"
EAJ-PNV,https://www.eaj-pnv.eus/documentos,"r irigoras albert branchadell alberto alberdi alejandro sota alfredo etxebarria almudena otaola almudena otaola koldo martinez alvaro amman alvaro iturritxa amaia arregi amaia del campo amaia espinosa amaiur guindeo amatino ana aguirre ana esther furundarena a"
EAJ-PNV,https://www.eaj-pnv.eus/documentos,"compromiso comunicado conclusiones convenios curriculums debates declaracion declaraciones institucionales dia internacional contra la violencia de genero dia internacional de las mujeres discurso discurso de inigo urkulu documento anexo 1 documento anexo 2 do"
"EH Bildu",https://ehbildu.eus/dokumentuak/gardentasuna/2015_eleccionesjjggmayo.pdf,"7112 subvenciones recibidas 18066612 correspondencia y franqueo 8328762 aportacion del partido 49000000 publicidad en prensa y radio 12485668 otra publicidad y propaganda 28065053 alquileres 488070 total ingresos 67066612 gastos financieros 010 otros gastos 38"
"EH Bildu",https://ehbildu.eus/dokumentuak/gardentasuna/2015_eleccionesjjggmayo.pdf,"erdi sozialista euskadiko ezkerra psoe 19 iv4 alderdi popularra 20 iv5 podemos 21 iv6 irabazi 22 4 abreviaturas 23 introduccion 25 i conclusiones 28 i1 limitaciones al alcance del trabajo 28 i2 cumplimiento de la legislacion 28 i3 propuesta de subvencion 28 ii"
"EH Bildu",https://ehbildu.eus/dokumentuak/gardentasuna/2015_eleccionesjjggmayo.pdf,"ad se ha presentado dentro del plazo previsto y de acuerdo con los principios establecidos en los articulos 1212 y 1331 de la loreg 2 todos los cobros y pagos justificados por las formaciones politicas han sido efectuados a traves de las cuentas corrientes com"
"EH Bildu",https://ehbildu.eus/dokumentuak/gardentasuna/2015_eleccionesjjggmayo.pdf,"resos tesoreria 2532646 acreedores total 18820535 total 18820535 se han descontado de los gastos electorales 4 facturas por importe de 28944 euros correspondientes a suministro de electricidad de varios locales sitos en bilbao para los que no se especifica si "
"EH Bildu",https://ehbildu.eus/dokumentuak/gardentasuna/2015_eleccionesjjggmayo.pdf,"873 subvenciones recibidas 3069706 publicidad en prensa y radio 1227745 aportacion del partido 3069021 otra publicidad y propaganda 4116329 total ingresos 6138727 alquileres 24500 transportes y gastos desplazamiento 141800 otros gastos 590480 total gastos 6138"
"EH Bildu",https://ehbildu.eus/dokumentuak/gardentasuna/2015_eleccionesjjggmayo.pdf,"tira diruz ez lagungarriak diruz lagungarriak araba 200376 9575 190801 bizkaia 304486 9575 294911 gipuzkoa 131081 9575 121506 guztira 635943 28725 607218 23 abreviaturas tvcp hkee tribunal vasco de cuentas publicas herri kontuen euskal epaitegia lejg ley 1 198"
"EH Bildu",https://ehbildu.eus/dokumentuak/gardentasuna/2015_eleccionesjjggmayo.pdf,"7112 subvenciones recibidas 18066612 correspondencia y franqueo 8328762 aportacion del partido 49000000 publicidad en prensa y radio 12485668 otra publicidad y propaganda 28065053 alquileres 488070 total ingresos 67066612 gastos financieros 010 otros gastos 38"
"EH Bildu",https://ehbildu.eus/dokumentuak/gardentasuna/2015_eleccionesjjggmayo.pdf,"erdi sozialista euskadiko ezkerra psoe 19 iv4 alderdi popularra 20 iv5 podemos 21 iv6 irabazi 22 4 abreviaturas 23 introduccion 25 i conclusiones 28 i1 limitaciones al alcance del trabajo 28 i2 cumplimiento de la legislacion 28 i3 propuesta de subvencion 28 ii"
"EH Bildu",https://ehbildu.eus/dokumentuak/gardentasuna/2015_eleccionesjjggmayo.pdf,"ad se ha presentado dentro del plazo previsto y de acuerdo con los principios establecidos en los articulos 1212 y 1331 de la loreg 2 todos los cobros y pagos justificados por las formaciones politicas han sido efectuados a traves de las cuentas corrientes com"
"EH Bildu",https://ehbildu.eus/dokumentuak/gardentasuna/2015_eleccionesjjggmayo.pdf,"resos tesoreria 2532646 acreedores total 18820535 total 18820535 se han descontado de los gastos electorales 4 facturas por importe de 28944 euros correspondientes a suministro de electricidad de varios locales sitos en bilbao para los que no se especifica si "
"EH Bildu",https://ehbildu.eus/dokumentuak/gardentasuna/2015_eleccionesjjggmayo.pdf,"873 subvenciones recibidas 3069706 publicidad en prensa y radio 1227745 aportacion del partido 3069021 otra publicidad y propaganda 4116329 total ingresos 6138727 alquileres 24500 transportes y gastos desplazamiento 141800 otros gastos 590480 total gastos 6138"
"EH Bildu",https://ehbildu.eus/dokumentuak/gardentasuna/2015_eleccionesjjggmayo.pdf,"tira diruz ez lagungarriak diruz lagungarriak araba 200376 9575 190801 bizkaia 304486 9575 294911 gipuzkoa 131081 9575 121506 guztira 635943 28725 607218 23 abreviaturas tvcp hkee tribunal vasco de cuentas publicas herri kontuen euskal epaitegia lejg ley 1 198"
"EH Bildu",https://ehbildu.eus/dokumentuak/gardentasuna/2015_eleccionesjjggmayo.pdf,"7112 subvenciones recibidas 18066612 correspondencia y franqueo 8328762 aportacion del partido 49000000 publicidad en prensa y radio 12485668 otra publicidad y propaganda 28065053 alquileres 488070 total ingresos 67066612 gastos financieros 010 otros gastos 38"
"EH Bildu",https://ehbildu.eus/dokumentuak/gardentasuna/2015_eleccionesjjggmayo.pdf,"erdi sozialista euskadiko ezkerra psoe 19 iv4 alderdi popularra 20 iv5 podemos 21 iv6 irabazi 22 4 abreviaturas 23 introduccion 25 i conclusiones 28 i1 limitaciones al alcance del trabajo 28 i2 cumplimiento de la legislacion 28 i3 propuesta de subvencion 28 ii"
"EH Bildu",https://ehbildu.eus/dokumentuak/gardentasuna/2015_eleccionesjjggmayo.pdf,"ad se ha presentado dentro del plazo previsto y de acuerdo con los principios establecidos en los articulos 1212 y 1331 de la loreg 2 todos los cobros y pagos justificados por las formaciones politicas han sido efectuados a traves de las cuentas corrientes com"
"EH Bildu",https://ehbildu.eus/dokumentuak/gardentasuna/2015_eleccionesjjggmayo.pdf,"resos tesoreria 2532646 acreedores total 18820535 total 18820535 se han descontado de los gastos electorales 4 facturas por importe de 28944 euros correspondientes a suministro de electricidad de varios locales sitos en bilbao para los que no se especifica si "
"EH Bildu",https://ehbildu.eus/dokumentuak/gardentasuna/2015_eleccionesjjggmayo.pdf,"873 subvenciones recibidas 3069706 publicidad en prensa y radio 1227745 aportacion del partido 3069021 otra publicidad y propaganda 4116329 total ingresos 6138727 alquileres 24500 transportes y gastos desplazamiento 141800 otros gastos 590480 total gastos 6138"
"EH Bildu",https://ehbildu.eus/dokumentuak/gardentasuna/2015_eleccionesjjggmayo.pdf,"tira diruz ez lagungarriak diruz lagungarriak araba 200376 9575 190801 bizkaia 304486 9575 294911 gipuzkoa 131081 9575 121506 guztira 635943 28725 607218 23 abreviaturas tvcp hkee tribunal vasco de cuentas publicas herri kontuen euskal epaitegia lejg ley 1 198"
EQUO,https://verdesequo.es/propuestas,"hijos e hijas garantizandoles el acceso inmediato a una alternativa habitacional que el confinamiento no se convierta para nadie en miedo ni en riesgo de violencia 5 garantizar la vivienda es evidente que en esta crisis nadie puede verse amenazado de perder su"
EQUO,https://verdesequo.es/propuestas,"cioso plan de choque para que la crisis sanitaria no se convierta en crisis social y para que el confinamiento no se convierta en empobrecimiento y miedo en perder tu empresa o tu empleo es tiempo de unirse frente a la dificultad y empujar junto a todos los he"
EQUO,https://verdesequo.es/propuestas,"o apoyo para superar esta crisis de epoca y para valorar las medidas que estan tomando si bien nos parece que llegan un poco tarde han sido valientes entre otras cosas poniendo la sanidad privada bajo control de la publica para salvaguardar el interes general "
EQUO,https://verdesequo.es/propuestas,"lugar a dudas una situacion sin precedentes en la que el estado debe movilizar una cantidad de recursos tambien sin precedentes para nosotros las cifras del deficit y el techo de gasto han dejado de tener sentido y desde luego no pueden estar por encima de la "
EQUO,https://verdesequo.es/propuestas,"saltar al contenido principios conocenos estatutos y reglamentos internos cargos publicos cargos electos locales territorios y redes organos internos posicionamientos iniciativas transparencia unete dona search buscar buscar menu principios conocenos estatutos"
EQUO,https://verdesequo.es/propuestas,"orar las medidas que estan tomando si bien nos parece que llegan un poco tarde han sido valientes entre otras cosas poniendo la sanidad privada bajo control de la publica para salvaguardar el interes general o estableciendo que las autoridades velen por que to"
EQUO,https://verdesequo.es/propuestas,"dez 4 proteger a victimas de violencia machista nuestra prioridad a la hora de gestionar esta crisis tiene que ser la proteccion y el bienestar de las personas mas vulnerables las mujeres victimas de violencia machista o que puedan estar en riesgo de serlo no "
EQUO,https://verdesequo.es/propuestas,"hijos e hijas garantizandoles el acceso inmediato a una alternativa habitacional que el confinamiento no se convierta para nadie en miedo ni en riesgo de violencia 5 garantizar la vivienda es evidente que en esta crisis nadie puede verse amenazado de perder su"
EQUO,https://verdesequo.es/propuestas,"cioso plan de choque para que la crisis sanitaria no se convierta en crisis social y para que el confinamiento no se convierta en empobrecimiento y miedo en perder tu empresa o tu empleo es tiempo de unirse frente a la dificultad y empujar junto a todos los he"
EQUO,https://verdesequo.es/propuestas,"o apoyo para superar esta crisis de epoca y para valorar las medidas que estan tomando si bien nos parece que llegan un poco tarde han sido valientes entre otras cosas poniendo la sanidad privada bajo control de la publica para salvaguardar el interes general "
EQUO,https://verdesequo.es/propuestas,"lugar a dudas una situacion sin precedentes en la que el estado debe movilizar una cantidad de recursos tambien sin precedentes para nosotros las cifras del deficit y el techo de gasto han dejado de tener sentido y desde luego no pueden estar por encima de la "
EQUO,https://verdesequo.es/propuestas,"saltar al contenido principios conocenos estatutos y reglamentos internos cargos publicos cargos electos locales territorios y redes organos internos posicionamientos iniciativas transparencia unete dona search buscar buscar menu principios conocenos estatutos"
EQUO,https://verdesequo.es/propuestas,"orar las medidas que estan tomando si bien nos parece que llegan un poco tarde han sido valientes entre otras cosas poniendo la sanidad privada bajo control de la publica para salvaguardar el interes general o estableciendo que las autoridades velen por que to"
EQUO,https://verdesequo.es/propuestas,"dez 4 proteger a victimas de violencia machista nuestra prioridad a la hora de gestionar esta crisis tiene que ser la proteccion y el bienestar de las personas mas vulnerables las mujeres victimas de violencia machista o que puedan estar en riesgo de serlo no "
EQUO,https://verdesequo.es/propuestas,"hijos e hijas garantizandoles el acceso inmediato a una alternativa habitacional que el confinamiento no se convierta para nadie en miedo ni en riesgo de violencia 5 garantizar la vivienda es evidente que en esta crisis nadie puede verse amenazado de perder su"
EQUO,https://verdesequo.es/propuestas,"cioso plan de choque para que la crisis sanitaria no se convierta en crisis social y para que el confinamiento no se convierta en empobrecimiento y miedo en perder tu empresa o tu empleo es tiempo de unirse frente a la dificultad y empujar junto a todos los he"
EQUO,https://verdesequo.es/propuestas,"o apoyo para superar esta crisis de epoca y para valorar las medidas que estan tomando si bien nos parece que llegan un poco tarde han sido valientes entre otras cosas poniendo la sanidad privada bajo control de la publica para salvaguardar el interes general "
EQUO,https://verdesequo.es/propuestas,"lugar a dudas una situacion sin precedentes en la que el estado debe movilizar una cantidad de recursos tambien sin precedentes para nosotros las cifras del deficit y el techo de gasto han dejado de tener sentido y desde luego no pueden estar por encima de la "
EQUO,https://verdesequo.es/propuestas,"saltar al contenido principios conocenos estatutos y reglamentos internos cargos publicos cargos electos locales territorios y redes organos internos posicionamientos iniciativas transparencia unete dona search buscar buscar menu principios conocenos estatutos"
EQUO,https://verdesequo.es/propuestas,"orar las medidas que estan tomando si bien nos parece que llegan un poco tarde han sido valientes entre otras cosas poniendo la sanidad privada bajo control de la publica para salvaguardar el interes general o estableciendo que las autoridades velen por que to"
EQUO,https://verdesequo.es/propuestas,"dez 4 proteger a victimas de violencia machista nuestra prioridad a la hora de gestionar esta crisis tiene que ser la proteccion y el bienestar de las personas mas vulnerables las mujeres victimas de violencia machista o que puedan estar en riesgo de serlo no "
"FORO Asturias",https://foroasturias.es/wp-content/uploads/2023/05/Programa-electoral-FORO-Asturias-20232027.pdf,"36 demografia 68 pagina 3 de 125 37 tercera edad dependencia 70 38 discapacidad 73 39 igualdad y lucha contra la discriminacion y la violencia de genero 77 310 integracion de los inmigrantes y refugiados 82 311 el compromiso social y con el desarrollo 83 312 c"
"FORO Asturias",https://foroasturias.es/wp-content/uploads/2023/05/Programa-electoral-FORO-Asturias-20232027.pdf,"ncia bucodental hasta guarderias infantiles en los centros de trabajo 10 preservar los derechos de los trabajadores publicos reduciendo a las situaciones de estricta necesidad las movilidades forzosas 11 creacion de un cuerpo superior de interventores al que s"
"FORO Asturias",https://foroasturias.es/wp-content/uploads/2023/05/Programa-electoral-FORO-Asturias-20232027.pdf,"istracion publica 5 suprimira aquellos organismos entidades y empresas publicas que no descansen en la racionalidad economica o administrativa o que supongan una disminucion de la transparencia sin que ello perjudique la prestacion de los servicios publicos 14"
"FORO Asturias",https://foroasturias.es/wp-content/uploads/2023/05/Programa-electoral-FORO-Asturias-20232027.pdf,"ncia bucodental hasta guarderias infantiles en los centros de trabajo 10 preservar los derechos de los trabajadores publicos reduciendo a las situaciones de estricta necesidad las movilidades forzosas 11 creacion de un cuerpo superior de interventores al que s"
"FORO Asturias",https://foroasturias.es/wp-content/uploads/2023/05/Programa-electoral-FORO-Asturias-20232027.pdf,"istracion publica 5 suprimira aquellos organismos entidades y empresas publicas que no descansen en la racionalidad economica o administrativa o que supongan una disminucion de la transparencia sin que ello perjudique la prestacion de los servicios publicos 14"
"FORO Asturias",https://foroasturias.es/wp-content/uploads/2023/05/Programa-electoral-FORO-Asturias-20232027.pdf,"ncia bucodental hasta guarderias infantiles en los centros de trabajo 10 preservar los derechos de los trabajadores publicos reduciendo a las situaciones de estricta necesidad las movilidades forzosas 11 creacion de un cuerpo superior de interventores al que s"
"FORO Asturias",https://foroasturias.es/wp-content/uploads/2023/05/Programa-electoral-FORO-Asturias-20232027.pdf,"istracion publica 5 suprimira aquellos organismos entidades y empresas publicas que no descansen en la racionalidad economica o administrativa o que supongan una disminucion de la transparencia sin que ello perjudique la prestacion de los servicios publicos 14"
"FORO Asturias",https://foroasturias.es/wp-content/uploads/2023/05/Programa-electoral-FORO-Asturias-20232027.pdf,"tico vinculado al mar incluyendo tanto los recursos propios como las infraestructuras maritimas existentes lonjas centros de investigacion astilleros museos acuarios etc fomentar la implantacion de nuevos servicios como alquiler de embarcaciones visitas guiada"
"FORO Asturias",https://foroasturias.es/wp-content/uploads/2023/05/Programa-electoral-FORO-Asturias-20232027.pdf,"tico vinculado al mar incluyendo tanto los recursos propios como las infraestructuras maritimas existentes lonjas centros de investigacion astilleros museos acuarios etc fomentar la implantacion de nuevos servicios como alquiler de embarcaciones visitas guiada"
"FORO Asturias",https://foroasturias.es/wp-content/uploads/2023/05/Programa-electoral-FORO-Asturias-20232027.pdf,"icas que llegue a todos los lugares sin ella solo habra desertizacion empresarial fuera de los grandes nucleos implicar y formar a los empleados publicos un activo fundamental sin los cuales no se podra llevara a cabo 6 impulsaremos una administracion menos bu"
"FORO Asturias",https://foroasturias.es/wp-content/uploads/2023/05/Programa-electoral-FORO-Asturias-20232027.pdf,"ncia bucodental hasta guarderias infantiles en los centros de trabajo 10 preservar los derechos de los trabajadores publicos reduciendo a las situaciones de estricta necesidad las movilidades forzosas 11 creacion de un cuerpo superior de interventores al que s"
"FORO Asturias",https://foroasturias.es/wp-content/uploads/2023/05/Programa-electoral-FORO-Asturias-20232027.pdf,"istracion publica 5 suprimira aquellos organismos entidades y empresas publicas que no descansen en la racionalidad economica o administrativa o que supongan una disminucion de la transparencia sin que ello perjudique la prestacion de los servicios publicos 14"
"FORO Asturias",https://foroasturias.es/wp-content/uploads/2023/05/Programa-electoral-FORO-Asturias-20232027.pdf,"turismo que antes se indico 2 dirigiremos un programa de capacitacion integral al personal idiomas tics venta trato con el cliente etc mediante acciones de formacion y reciclaje profesional mejorando el servicio en este campo las asociaciones y colectivos prof"
"FORO Asturias",https://foroasturias.es/wp-content/uploads/2023/05/Programa-electoral-FORO-Asturias-20232027.pdf,"esional de excelencia adaptada a la empleabilidad 61 34 deportes 62 35 familias e infancia 64 36 demografia 68 pagina 3 de 125 37 tercera edad dependencia 70 38 discapacidad 73 39 igualdad y lucha contra la discriminacion y la violencia de genero 77 310 integr"
"FORO Asturias",https://foroasturias.es/wp-content/uploads/2023/05/Programa-electoral-FORO-Asturias-20232027.pdf,"tico vinculado al mar incluyendo tanto los recursos propios como las infraestructuras maritimas existentes lonjas centros de investigacion astilleros museos acuarios etc fomentar la implantacion de nuevos servicios como alquiler de embarcaciones visitas guiada"
"FORO Asturias",https://foroasturias.es/wp-content/uploads/2023/05/Programa-electoral-FORO-Asturias-20232027.pdf,"tico vinculado al mar incluyendo tanto los recursos propios como las infraestructuras maritimas existentes lonjas centros de investigacion astilleros museos acuarios etc fomentar la implantacion de nuevos servicios como alquiler de embarcaciones visitas guiada"
"FORO Asturias",https://foroasturias.es/wp-content/uploads/2023/05/Programa-electoral-FORO-Asturias-20232027.pdf,"icas que llegue a todos los lugares sin ella solo habra desertizacion empresarial fuera de los grandes nucleos implicar y formar a los empleados publicos un activo fundamental sin los cuales no se podra llevara a cabo 6 impulsaremos una administracion menos bu"
"FORO Asturias",https://foroasturias.es/wp-content/uploads/2023/05/Programa-electoral-FORO-Asturias-20232027.pdf,"36 demografia 68 pagina 3 de 125 37 tercera edad dependencia 70 38 discapacidad 73 39 igualdad y lucha contra la discriminacion y la violencia de genero 77 310 integracion de los inmigrantes y refugiados 82 311 el compromiso social y con el desarrollo 83 312 c"
"FORO Asturias",https://foroasturias.es/wp-content/uploads/2023/05/Programa-electoral-FORO-Asturias-20232027.pdf,"turismo que antes se indico 2 dirigiremos un programa de capacitacion integral al personal idiomas tics venta trato con el cliente etc mediante acciones de formacion y reciclaje profesional mejorando el servicio en este campo las asociaciones y colectivos prof"
"FORO Asturias",https://foroasturias.es/wp-content/uploads/2023/05/Programa-electoral-FORO-Asturias-20232027.pdf,"esional de excelencia adaptada a la empleabilidad 61 34 deportes 62 35 familias e infancia 64 36 demografia 68 pagina 3 de 125 37 tercera edad dependencia 70 38 discapacidad 73 39 igualdad y lucha contra la discriminacion y la violencia de genero 77 310 integr"
"FORO Asturias",https://foroasturias.es/wp-content/uploads/2023/05/Programa-electoral-FORO-Asturias-20232027.pdf,"icas que llegue a todos los lugares sin ella solo habra desertizacion empresarial fuera de los grandes nucleos implicar y formar a los empleados publicos un activo fundamental sin los cuales no se podra llevara a cabo 6 impulsaremos una administracion menos bu"
"FORO Asturias",https://foroasturias.es/wp-content/uploads/2023/05/Programa-electoral-FORO-Asturias-20232027.pdf,"36 demografia 68 pagina 3 de 125 37 tercera edad dependencia 70 38 discapacidad 73 39 igualdad y lucha contra la discriminacion y la violencia de genero 77 310 integracion de los inmigrantes y refugiados 82 311 el compromiso social y con el desarrollo 83 312 c"
"FORO Asturias",https://foroasturias.es/wp-content/uploads/2023/05/Programa-electoral-FORO-Asturias-20232027.pdf,"turismo que antes se indico 2 dirigiremos un programa de capacitacion integral al personal idiomas tics venta trato con el cliente etc mediante acciones de formacion y reciclaje profesional mejorando el servicio en este campo las asociaciones y colectivos prof"
"FORO Asturias",https://foroasturias.es/wp-content/uploads/2023/05/Programa-electoral-FORO-Asturias-20232027.pdf,"esional de excelencia adaptada a la empleabilidad 61 34 deportes 62 35 familias e infancia 64 36 demografia 68 pagina 3 de 125 37 tercera edad dependencia 70 38 discapacidad 73 39 igualdad y lucha contra la discriminacion y la violencia de genero 77 310 integr"
"FORO Asturias",https://foroasturias.es/wp-content/uploads/2023/05/Programa-electoral-FORO-Asturias-20232027.pdf,"icas que llegue a todos los lugares sin ella solo habra desertizacion empresarial fuera de los grandes nucleos implicar y formar a los empleados publicos un activo fundamental sin los cuales no se podra llevara a cabo 6 impulsaremos una administracion menos bu"
"FORO Asturias",https://foroasturias.es/wp-content/uploads/2023/05/Programa-electoral-FORO-Asturias-20232027.pdf,"36 demografia 68 pagina 3 de 125 37 tercera edad dependencia 70 38 discapacidad 73 39 igualdad y lucha contra la discriminacion y la violencia de genero 77 310 integracion de los inmigrantes y refugiados 82 311 el compromiso social y con el desarrollo 83 312 c"
"FORO Asturias",https://foroasturias.es/wp-content/uploads/2023/05/Programa-electoral-FORO-Asturias-20232027.pdf,"turismo que antes se indico 2 dirigiremos un programa de capacitacion integral al personal idiomas tics venta trato con el cliente etc mediante acciones de formacion y reciclaje profesional mejorando el servicio en este campo las asociaciones y colectivos prof"
"FORO Asturias",https://foroasturias.es/wp-content/uploads/2023/05/Programa-electoral-FORO-Asturias-20232027.pdf,"esional de excelencia adaptada a la empleabilidad 61 34 deportes 62 35 familias e infancia 64 36 demografia 68 pagina 3 de 125 37 tercera edad dependencia 70 38 discapacidad 73 39 igualdad y lucha contra la discriminacion y la violencia de genero 77 310 integr"
"Izquierda Unida",https://izquierdaunida.org/programa-electoral-de-izquierda-unida-para-las-elecciones-generales-del-10n-de-2019/,"o loco madrid pdf 56 kb europa laica pdf 118 kb fundacion secretariado gitano pdf 7 mb cear comision espanola de ayuda al refugiado pdf 112 kb fecovi federacion de cooperativas de viviendas valenciana pdf 294 kb gestha sindicato de tecnicos del ministerio de h"
"Izquierda Unida",https://izquierdaunida.org/programa-electoral-de-izquierda-unida-para-las-elecciones-generales-del-10n-de-2019/,"formato pdf 49kb descargar los cuadernillos tematicos del programa electoral de izquierda unida para el 10n 01 un gobierno del pueblo 02 gobernar obedeciendo 03 las personas y el empleo en el centro de la economia 04 otra forma de recaudar y repartir la riquez"
"Izquierda Unida",https://izquierdaunida.org/programa-electoral-de-izquierda-unida-para-las-elecciones-generales-del-10n-de-2019/,"obierno del pueblo 02 gobernar obedeciendo 03 las personas y el empleo en el centro de la economia 04 otra forma de recaudar y repartir la riqueza 05 otro modelo productivo 06 una educacion publica gratuita inclusiva y democratica 07 un sistema sanitario publi"
"Izquierda Unida",https://izquierdaunida.org/programa-electoral-de-izquierda-unida-para-las-elecciones-generales-del-10n-de-2019/,"etemos a defenderlas durante la proxima legislatura ccoo y ugt pdf 12 mb ecologistas en accion pdf 486 kb congde coordinadora de ong para el desarrollo pdf 12 mb plataforma por la justicia fiscal pdf 73 kb plataforma de infancia pdf 33 mb orgullo loco madrid p"
"Izquierda Unida",https://izquierdaunida.org/programa-electoral-de-izquierda-unida-para-las-elecciones-generales-del-10n-de-2019/,"los animales 12 desarrollo del mundo rural 13 una sociedad feminista que ponga la vida en el centro 14 derechos lgtbi por la conquista de la igualdad real 15 derechos de personas migrantes y refugiadas 16 paz y la solidaridad 17 una juventud emancipada y con d"
"Izquierda Unida",https://izquierdaunida.org/programa-electoral-de-izquierda-unida-para-las-elecciones-generales-del-10n-de-2019/,"te para la accion codigo etico fundacionales reglamento simpatizantes reglamento revocatorio institucional partido de la izquierda europea fundacion de estudios criticos portal de transparencia afiliate donaciones tienda programa electoral de izquierda unida p"
"Izquierda Unida",https://izquierdaunida.org/programa-electoral-de-izquierda-unida-para-las-elecciones-generales-del-10n-de-2019/,"u unete al telegram de iu actualidad 26 02 2026 mas feminismo 8m 2026 04 02 2026 iu reclama a exteriores que explique al conjunto de agentes sociales del grupo transfronterizo del campo de gibraltar el alcance completo del tratado ue reino unido antes de entra"
"Izquierda Unida",https://izquierdaunida.org/programa-electoral-de-izquierda-unida-para-las-elecciones-generales-del-10n-de-2019/,"undo sostenible y justo 11 derechos de los animales 12 desarrollo del mundo rural 13 una sociedad feminista que ponga la vida en el centro 14 derechos lgtbi por la conquista de la igualdad real 15 derechos de personas migrantes y refugiadas 16 paz y la solidar"
"Izquierda Unida",https://izquierdaunida.org/programa-electoral-de-izquierda-unida-para-las-elecciones-generales-del-10n-de-2019/,"o loco madrid pdf 56 kb europa laica pdf 118 kb fundacion secretariado gitano pdf 7 mb cear comision espanola de ayuda al refugiado pdf 112 kb fecovi federacion de cooperativas de viviendas valenciana pdf 294 kb gestha sindicato de tecnicos del ministerio de h"
"Izquierda Unida",https://izquierdaunida.org/programa-electoral-de-izquierda-unida-para-las-elecciones-generales-del-10n-de-2019/,"formato pdf 49kb descargar los cuadernillos tematicos del programa electoral de izquierda unida para el 10n 01 un gobierno del pueblo 02 gobernar obedeciendo 03 las personas y el empleo en el centro de la economia 04 otra forma de recaudar y repartir la riquez"
"Izquierda Unida",https://izquierdaunida.org/programa-electoral-de-izquierda-unida-para-las-elecciones-generales-del-10n-de-2019/,"obierno del pueblo 02 gobernar obedeciendo 03 las personas y el empleo en el centro de la economia 04 otra forma de recaudar y repartir la riqueza 05 otro modelo productivo 06 una educacion publica gratuita inclusiva y democratica 07 un sistema sanitario publi"
"Izquierda Unida",https://izquierdaunida.org/programa-electoral-de-izquierda-unida-para-las-elecciones-generales-del-10n-de-2019/,"etemos a defenderlas durante la proxima legislatura ccoo y ugt pdf 12 mb ecologistas en accion pdf 486 kb congde coordinadora de ong para el desarrollo pdf 12 mb plataforma por la justicia fiscal pdf 73 kb plataforma de infancia pdf 33 mb orgullo loco madrid p"
"Izquierda Unida",https://izquierdaunida.org/programa-electoral-de-izquierda-unida-para-las-elecciones-generales-del-10n-de-2019/,"los animales 12 desarrollo del mundo rural 13 una sociedad feminista que ponga la vida en el centro 14 derechos lgtbi por la conquista de la igualdad real 15 derechos de personas migrantes y refugiadas 16 paz y la solidaridad 17 una juventud emancipada y con d"
"Izquierda Unida",https://izquierdaunida.org/programa-electoral-de-izquierda-unida-para-las-elecciones-generales-del-10n-de-2019/,"te para la accion codigo etico fundacionales reglamento simpatizantes reglamento revocatorio institucional partido de la izquierda europea fundacion de estudios criticos portal de transparencia afiliate donaciones tienda programa electoral de izquierda unida p"
"Izquierda Unida",https://izquierdaunida.org/programa-electoral-de-izquierda-unida-para-las-elecciones-generales-del-10n-de-2019/,"u unete al telegram de iu actualidad 26 02 2026 mas feminismo 8m 2026 04 02 2026 iu reclama a exteriores que explique al conjunto de agentes sociales del grupo transfronterizo del campo de gibraltar el alcance completo del tratado ue reino unido antes de entra"
"Izquierda Unida",https://izquierdaunida.org/programa-electoral-de-izquierda-unida-para-las-elecciones-generales-del-10n-de-2019/,"undo sostenible y justo 11 derechos de los animales 12 desarrollo del mundo rural 13 una sociedad feminista que ponga la vida en el centro 14 derechos lgtbi por la conquista de la igualdad real 15 derechos de personas migrantes y refugiadas 16 paz y la solidar"
"Izquierda Unida",https://izquierdaunida.org/programa-electoral-de-izquierda-unida-para-las-elecciones-generales-del-10n-de-2019/,"o loco madrid pdf 56 kb europa laica pdf 118 kb fundacion secretariado gitano pdf 7 mb cear comision espanola de ayuda al refugiado pdf 112 kb fecovi federacion de cooperativas de viviendas valenciana pdf 294 kb gestha sindicato de tecnicos del ministerio de h"
"Izquierda Unida",https://izquierdaunida.org/programa-electoral-de-izquierda-unida-para-las-elecciones-generales-del-10n-de-2019/,"formato pdf 49kb descargar los cuadernillos tematicos del programa electoral de izquierda unida para el 10n 01 un gobierno del pueblo 02 gobernar obedeciendo 03 las personas y el empleo en el centro de la economia 04 otra forma de recaudar y repartir la riquez"
"Izquierda Unida",https://izquierdaunida.org/programa-electoral-de-izquierda-unida-para-las-elecciones-generales-del-10n-de-2019/,"obierno del pueblo 02 gobernar obedeciendo 03 las personas y el empleo en el centro de la economia 04 otra forma de recaudar y repartir la riqueza 05 otro modelo productivo 06 una educacion publica gratuita inclusiva y democratica 07 un sistema sanitario publi"
"Izquierda Unida",https://izquierdaunida.org/programa-electoral-de-izquierda-unida-para-las-elecciones-generales-del-10n-de-2019/,"etemos a defenderlas durante la proxima legislatura ccoo y ugt pdf 12 mb ecologistas en accion pdf 486 kb congde coordinadora de ong para el desarrollo pdf 12 mb plataforma por la justicia fiscal pdf 73 kb plataforma de infancia pdf 33 mb orgullo loco madrid p"
"Izquierda Unida",https://izquierdaunida.org/programa-electoral-de-izquierda-unida-para-las-elecciones-generales-del-10n-de-2019/,"los animales 12 desarrollo del mundo rural 13 una sociedad feminista que ponga la vida en el centro 14 derechos lgtbi por la conquista de la igualdad real 15 derechos de personas migrantes y refugiadas 16 paz y la solidaridad 17 una juventud emancipada y con d"
"Izquierda Unida",https://izquierdaunida.org/programa-electoral-de-izquierda-unida-para-las-elecciones-generales-del-10n-de-2019/,"te para la accion codigo etico fundacionales reglamento simpatizantes reglamento revocatorio institucional partido de la izquierda europea fundacion de estudios criticos portal de transparencia afiliate donaciones tienda programa electoral de izquierda unida p"
"Izquierda Unida",https://izquierdaunida.org/programa-electoral-de-izquierda-unida-para-las-elecciones-generales-del-10n-de-2019/,"u unete al telegram de iu actualidad 26 02 2026 mas feminismo 8m 2026 04 02 2026 iu reclama a exteriores que explique al conjunto de agentes sociales del grupo transfronterizo del campo de gibraltar el alcance completo del tratado ue reino unido antes de entra"
"Izquierda Unida",https://izquierdaunida.org/programa-electoral-de-izquierda-unida-para-las-elecciones-generales-del-10n-de-2019/,"undo sostenible y justo 11 derechos de los animales 12 desarrollo del mundo rural 13 una sociedad feminista que ponga la vida en el centro 14 derechos lgtbi por la conquista de la igualdad real 15 derechos de personas migrantes y refugiadas 16 paz y la solidar"
PP,https://www.pp.es/storage/2025/09/Manifesto_2024.pdf,"with the consequences of the russian war of aggression in ukraine and the systemic competition with china this is all the more important we will invest more in the development of electricity and gas network interconnections between eu member states in order to"
PP,https://www.pp.es/storage/2025/09/Manifesto_2024.pdf,"europeans are more than the sum of our national identities our history our heritage our judeo christian roots and our cultural diversity define us united in diversity is a unique strength that has made peace and prosperity possible for most europeans faced wit"
PP,https://www.pp.es/storage/2025/09/Manifesto_2024.pdf,"up to autocrats and stands by those who fight for our european way of life as ukrainians are doing against putins aggression a europe that protects its borders and tackles illegal migration we stand for a competitive europe that boosts its economy and creates "
PP,https://www.pp.es/storage/2025/09/Manifesto_2024.pdf,"the ground at local and regional level more than any other party in europe through structural and cohesion policies for example we will focus on closing the gap between rural and urban areas there should be no first and second class citizens we want to close e"
PP,https://www.pp.es/storage/2025/09/Manifesto_2024.pdf,"y european effort in the field of defence has to be embedded and coherent with nato however our trans atlantic allies will stand with us only if we are also willing to do our part autonomously a strong alliance requires burden sharing we also must be ready for"
PP,https://www.pp.es/storage/2025/09/Manifesto_2024.pdf,"reasingly complex cross border and multi faceted crises that often occur simultaneously we want to create a civil protection union force linked to strategic reserves of food water medicines and medical equipment in a spirit of solidarity to support our member "
PP,https://www.pp.es/storage/2025/09/Manifesto_2024.pdf,"king at the risks to and needs of each ecosystem in this transition the core aim will be to support every sector in building its business model for the decarbonisation of industry because we believe that this transition is essential for our future competitiven"
PP,https://www.pp.es/storage/2025/09/Manifesto_2024.pdf,"r food supply in the long term climate protection biodiversity and sustainable landscape conservation can be achieved only with and not against farmers protecting biodiversity and precious resources such as water air and forests is our insurance for the future"
PP,https://www.pp.es/storage/2025/09/Manifesto_2024.pdf,"n to temporarily suspend processing asylum applications in the case of instrumentalised migration we will not allow anyone to blackmail europe 15 our europe is determined to fight terrorism and organised crime we will leave no room for terrorism and organised "
PP,https://www.pp.es/storage/2025/09/Manifesto_2024.pdf,"mic growth competitiveness and the wish to create an attractive market need to also be reflected in european legislation and in concrete means and actions to fight tax evasion and corruption we have to refrain from tendencies towards over regulation without co"
PP,https://www.pp.es/storage/2025/09/Manifesto_2024.pdf,"ung people have a chance to effectively start their lives and build their careers we will continue to combat youth unemployment expand erasmus especially to young people living in rural areas and strengthen discover eu in order to offer every young european a "
PP,https://www.pp.es/storage/2025/09/Manifesto_2024.pdf,"the ground at local and regional level more than any other party in europe through structural and cohesion policies for example we will focus on closing the gap between rural and urban areas there should be no first and second class citizens we want to close e"
PP,https://www.pp.es/storage/2025/09/Manifesto_2024.pdf,"y european effort in the field of defence has to be embedded and coherent with nato however our trans atlantic allies will stand with us only if we are also willing to do our part autonomously a strong alliance requires burden sharing we also must be ready for"
PP,https://www.pp.es/storage/2025/09/Manifesto_2024.pdf,"reasingly complex cross border and multi faceted crises that often occur simultaneously we want to create a civil protection union force linked to strategic reserves of food water medicines and medical equipment in a spirit of solidarity to support our member "
PP,https://www.pp.es/storage/2025/09/Manifesto_2024.pdf,"king at the risks to and needs of each ecosystem in this transition the core aim will be to support every sector in building its business model for the decarbonisation of industry because we believe that this transition is essential for our future competitiven"
PP,https://www.pp.es/storage/2025/09/Manifesto_2024.pdf,"r food supply in the long term climate protection biodiversity and sustainable landscape conservation can be achieved only with and not against farmers protecting biodiversity and precious resources such as water air and forests is our insurance for the future"
PP,https://www.pp.es/storage/2025/09/Manifesto_2024.pdf,"with the consequences of the russian war of aggression in ukraine and the systemic competition with china this is all the more important we will invest more in the development of electricity and gas network interconnections between eu member states in order to"
PP,https://www.pp.es/storage/2025/09/Manifesto_2024.pdf,"europeans are more than the sum of our national identities our history our heritage our judeo christian roots and our cultural diversity define us united in diversity is a unique strength that has made peace and prosperity possible for most europeans faced wit"
PP,https://www.pp.es/storage/2025/09/Manifesto_2024.pdf,"n to temporarily suspend processing asylum applications in the case of instrumentalised migration we will not allow anyone to blackmail europe 15 our europe is determined to fight terrorism and organised crime we will leave no room for terrorism and organised "
PP,https://www.pp.es/storage/2025/09/Manifesto_2024.pdf,"up to autocrats and stands by those who fight for our european way of life as ukrainians are doing against putins aggression a europe that protects its borders and tackles illegal migration we stand for a competitive europe that boosts its economy and creates "
PP,https://www.pp.es/storage/2025/09/Manifesto_2024.pdf,"mic growth competitiveness and the wish to create an attractive market need to also be reflected in european legislation and in concrete means and actions to fight tax evasion and corruption we have to refrain from tendencies towards over regulation without co"
