url,url_kind,host,path,legis,tipo_ex,num_ex,tipo_fich,failures,source_files,source_files_joined
https://www.senado.es/web/actividadparlamentaria/iniciativas/detalleiniciativa/index.html?legis=14&id1=622&id2=000026,detalleiniciativa,www.senado.es,/web/actividadparlamentaria/iniciativas/detalleiniciativa/index.html,14,622,000026,,3,3,docs/etl/sprints/AI-OPS-339/evidence/senado_retry_status404_recent-window_packet20_20260301T020240Z.json|docs/etl/sprints/AI-OPS-340/evidence/senado_retry_status404_recent-window_packet6_20260301T021418Z.json|docs/etl/sprints/AI-OPS-340/evidence/senado_retry_status404_recent-window_packet6_20260301T022459Z.json
https://www.senado.es/web/actividadparlamentaria/iniciativas/detalleiniciativa/index.html?legis=14&id1=622&id2=000039,detalleiniciativa,www.senado.es,/web/actividadparlamentaria/iniciativas/detalleiniciativa/index.html,14,622,000039,,3,3,docs/etl/sprints/AI-OPS-339/evidence/senado_retry_status404_recent-window_packet20_20260301T020240Z.json|docs/etl/sprints/AI-OPS-340/evidence/senado_retry_status404_recent-window_packet6_20260301T021418Z.json|docs/etl/sprints/AI-OPS-340/evidence/senado_retry_status404_recent-window_packet6_20260301T022459Z.json
https://www.senado.es/web/ficopendataservlet?legis=14&tipoFich=3&tipoEx=622&numEx=000055,ficopendataservlet,www.senado.es,/web/ficopendataservlet,14,622,000055,3,2,2,docs/etl/sprints/AI-OPS-339/evidence/senado_retry_status404_recent-window_packet20_20260301T020240Z.json|docs/etl/sprints/AI-OPS-340/evidence/senado_retry_status404_recent-window_packet6_20260301T021418Z.json
https://www.senado.es/web/ficopendataservlet?legis=14&tipoFich=3&tipoEx=622&numEx=000059,ficopendataservlet,www.senado.es,/web/ficopendataservlet,14,622,000059,3,2,2,docs/etl/sprints/AI-OPS-339/evidence/senado_retry_status404_recent-window_packet20_20260301T020240Z.json|docs/etl/sprints/AI-OPS-340/evidence/senado_retry_status404_recent-window_packet6_20260301T021418Z.json
https://www.senado.es/web/ficopendataservlet?legis=14&tipoFich=3&tipoEx=622&numEx=000096,ficopendataservlet,www.senado.es,/web/ficopendataservlet,14,622,000096,3,2,2,docs/etl/sprints/AI-OPS-339/evidence/senado_retry_status404_recent-window_packet20_20260301T020240Z.json|docs/etl/sprints/AI-OPS-340/evidence/senado_retry_status404_recent-window_packet6_20260301T021418Z.json
https://www.senado.es/web/ficopendataservlet?legis=14&tipoFich=3&tipoEx=622&numEx=000102,ficopendataservlet,www.senado.es,/web/ficopendataservlet,14,622,000102,3,2,2,docs/etl/sprints/AI-OPS-339/evidence/senado_retry_status404_recent-window_packet20_20260301T020240Z.json|docs/etl/sprints/AI-OPS-340/evidence/senado_retry_status404_recent-window_packet6_20260301T021418Z.json
https://www.senado.es/web/actividadparlamentaria/iniciativas/detalleiniciativa/index.html?legis=10&id1=610&id2=000081,detalleiniciativa,www.senado.es,/web/actividadparlamentaria/iniciativas/detalleiniciativa/index.html,10,610,000081,,1,1,docs/etl/sprints/AI-OPS-342/evidence/senado_retry_status404_recent-window_packet80_20260301T030721Z.json
https://www.senado.es/web/actividadparlamentaria/iniciativas/detalleiniciativa/index.html?legis=10&id1=610&id2=000082,detalleiniciativa,www.senado.es,/web/actividadparlamentaria/iniciativas/detalleiniciativa/index.html,10,610,000082,,1,1,docs/etl/sprints/AI-OPS-342/evidence/senado_retry_status404_recent-window_packet80_20260301T030721Z.json
https://www.senado.es/web/actividadparlamentaria/iniciativas/detalleiniciativa/index.html?legis=10&id1=610&id2=000083,detalleiniciativa,www.senado.es,/web/actividadparlamentaria/iniciativas/detalleiniciativa/index.html,10,610,000083,,1,1,docs/etl/sprints/AI-OPS-342/evidence/senado_retry_status404_recent-window_packet80_20260301T030721Z.json
https://www.senado.es/web/actividadparlamentaria/iniciativas/detalleiniciativa/index.html?legis=10&id1=610&id2=000084,detalleiniciativa,www.senado.es,/web/actividadparlamentaria/iniciativas/detalleiniciativa/index.html,10,610,000084,,1,1,docs/etl/sprints/AI-OPS-342/evidence/senado_retry_status404_recent-window_packet80_20260301T030721Z.json
https://www.senado.es/web/actividadparlamentaria/iniciativas/detalleiniciativa/index.html?legis=10&id1=610&id2=000085,detalleiniciativa,www.senado.es,/web/actividadparlamentaria/iniciativas/detalleiniciativa/index.html,10,610,000085,,1,1,docs/etl/sprints/AI-OPS-342/evidence/senado_retry_status404_recent-window_packet80_20260301T030721Z.json
https://www.senado.es/web/actividadparlamentaria/iniciativas/detalleiniciativa/index.html?legis=10&id1=610&id2=000086,detalleiniciativa,www.senado.es,/web/actividadparlamentaria/iniciativas/detalleiniciativa/index.html,10,610,000086,,1,1,docs/etl/sprints/AI-OPS-342/evidence/senado_retry_status404_recent-window_packet80_20260301T030721Z.json
https://www.senado.es/web/actividadparlamentaria/iniciativas/detalleiniciativa/index.html?legis=10&id1=610&id2=000096,detalleiniciativa,www.senado.es,/web/actividadparlamentaria/iniciativas/detalleiniciativa/index.html,10,610,000096,,1,1,docs/etl/sprints/AI-OPS-342/evidence/senado_retry_status404_recent-window_packet80_20260301T030721Z.json
https://www.senado.es/web/actividadparlamentaria/iniciativas/detalleiniciativa/index.html?legis=10&id1=610&id2=000097,detalleiniciativa,www.senado.es,/web/actividadparlamentaria/iniciativas/detalleiniciativa/index.html,10,610,000097,,1,1,docs/etl/sprints/AI-OPS-342/evidence/senado_retry_status404_recent-window_packet80_20260301T030721Z.json
https://www.senado.es/web/actividadparlamentaria/iniciativas/detalleiniciativa/index.html?legis=10&id1=610&id2=000113,detalleiniciativa,www.senado.es,/web/actividadparlamentaria/iniciativas/detalleiniciativa/index.html,10,610,000113,,1,1,docs/etl/sprints/AI-OPS-341/evidence/senado_retry_status404_recent-window_packet80_20260301T023238Z.json
https://www.senado.es/web/actividadparlamentaria/iniciativas/detalleiniciativa/index.html?legis=10&id1=610&id2=000114,detalleiniciativa,www.senado.es,/web/actividadparlamentaria/iniciativas/detalleiniciativa/index.html,10,610,000114,,1,1,docs/etl/sprints/AI-OPS-341/evidence/senado_retry_status404_recent-window_packet80_20260301T023238Z.json
https://www.senado.es/web/actividadparlamentaria/iniciativas/detalleiniciativa/index.html?legis=10&id1=610&id2=000115,detalleiniciativa,www.senado.es,/web/actividadparlamentaria/iniciativas/detalleiniciativa/index.html,10,610,000115,,1,1,docs/etl/sprints/AI-OPS-341/evidence/senado_retry_status404_recent-window_packet80_20260301T023238Z.json
https://www.senado.es/web/actividadparlamentaria/iniciativas/detalleiniciativa/index.html?legis=10&id1=610&id2=000116,detalleiniciativa,www.senado.es,/web/actividadparlamentaria/iniciativas/detalleiniciativa/index.html,10,610,000116,,1,1,docs/etl/sprints/AI-OPS-341/evidence/senado_retry_status404_recent-window_packet80_20260301T023238Z.json
https://www.senado.es/web/actividadparlamentaria/iniciativas/detalleiniciativa/index.html?legis=10&id1=610&id2=000117,detalleiniciativa,www.senado.es,/web/actividadparlamentaria/iniciativas/detalleiniciativa/index.html,10,610,000117,,1,1,docs/etl/sprints/AI-OPS-341/evidence/senado_retry_status404_recent-window_packet80_20260301T023238Z.json
https://www.senado.es/web/actividadparlamentaria/iniciativas/detalleiniciativa/index.html?legis=10&id1=610&id2=000118,detalleiniciativa,www.senado.es,/web/actividadparlamentaria/iniciativas/detalleiniciativa/index.html,10,610,000118,,1,1,docs/etl/sprints/AI-OPS-341/evidence/senado_retry_status404_recent-window_packet80_20260301T023238Z.json
https://www.senado.es/web/actividadparlamentaria/iniciativas/detalleiniciativa/index.html?legis=10&id1=610&id2=000119,detalleiniciativa,www.senado.es,/web/actividadparlamentaria/iniciativas/detalleiniciativa/index.html,10,610,000119,,1,1,docs/etl/sprints/AI-OPS-341/evidence/senado_retry_status404_recent-window_packet80_20260301T023238Z.json
https://www.senado.es/web/actividadparlamentaria/iniciativas/detalleiniciativa/index.html?legis=10&id1=610&id2=000120,detalleiniciativa,www.senado.es,/web/actividadparlamentaria/iniciativas/detalleiniciativa/index.html,10,610,000120,,1,1,docs/etl/sprints/AI-OPS-341/evidence/senado_retry_status404_recent-window_packet80_20260301T023238Z.json
https://www.senado.es/web/actividadparlamentaria/iniciativas/detalleiniciativa/index.html?legis=10&id1=610&id2=000121,detalleiniciativa,www.senado.es,/web/actividadparlamentaria/iniciativas/detalleiniciativa/index.html,10,610,000121,,1,1,docs/etl/sprints/AI-OPS-341/evidence/senado_retry_status404_recent-window_packet80_20260301T023238Z.json
https://www.senado.es/web/actividadparlamentaria/iniciativas/detalleiniciativa/index.html?legis=10&id1=610&id2=000122,detalleiniciativa,www.senado.es,/web/actividadparlamentaria/iniciativas/detalleiniciativa/index.html,10,610,000122,,1,1,docs/etl/sprints/AI-OPS-341/evidence/senado_retry_status404_recent-window_packet80_20260301T023238Z.json
https://www.senado.es/web/actividadparlamentaria/iniciativas/detalleiniciativa/index.html?legis=10&id1=610&id2=000123,detalleiniciativa,www.senado.es,/web/actividadparlamentaria/iniciativas/detalleiniciativa/index.html,10,610,000123,,1,1,docs/etl/sprints/AI-OPS-341/evidence/senado_retry_status404_recent-window_packet80_20260301T023238Z.json
https://www.senado.es/web/actividadparlamentaria/iniciativas/detalleiniciativa/index.html?legis=10&id1=610&id2=000124,detalleiniciativa,www.senado.es,/web/actividadparlamentaria/iniciativas/detalleiniciativa/index.html,10,610,000124,,1,1,docs/etl/sprints/AI-OPS-341/evidence/senado_retry_status404_recent-window_packet80_20260301T023238Z.json
https://www.senado.es/web/actividadparlamentaria/iniciativas/detalleiniciativa/index.html?legis=10&id1=610&id2=000126,detalleiniciativa,www.senado.es,/web/actividadparlamentaria/iniciativas/detalleiniciativa/index.html,10,610,000126,,1,1,docs/etl/sprints/AI-OPS-341/evidence/senado_retry_status404_recent-window_packet80_20260301T023238Z.json
https://www.senado.es/web/actividadparlamentaria/iniciativas/detalleiniciativa/index.html?legis=10&id1=610&id2=000127,detalleiniciativa,www.senado.es,/web/actividadparlamentaria/iniciativas/detalleiniciativa/index.html,10,610,000127,,1,1,docs/etl/sprints/AI-OPS-341/evidence/senado_retry_status404_recent-window_packet80_20260301T023238Z.json
https://www.senado.es/web/actividadparlamentaria/iniciativas/detalleiniciativa/index.html?legis=10&id1=610&id2=000128,detalleiniciativa,www.senado.es,/web/actividadparlamentaria/iniciativas/detalleiniciativa/index.html,10,610,000128,,1,1,docs/etl/sprints/AI-OPS-341/evidence/senado_retry_status404_recent-window_packet80_20260301T023238Z.json
https://www.senado.es/web/actividadparlamentaria/iniciativas/detalleiniciativa/index.html?legis=10&id1=610&id2=000129,detalleiniciativa,www.senado.es,/web/actividadparlamentaria/iniciativas/detalleiniciativa/index.html,10,610,000129,,1,1,docs/etl/sprints/AI-OPS-341/evidence/senado_retry_status404_recent-window_packet80_20260301T023238Z.json
https://www.senado.es/web/actividadparlamentaria/iniciativas/detalleiniciativa/index.html?legis=10&id1=610&id2=000130,detalleiniciativa,www.senado.es,/web/actividadparlamentaria/iniciativas/detalleiniciativa/index.html,10,610,000130,,1,1,docs/etl/sprints/AI-OPS-341/evidence/senado_retry_status404_recent-window_packet80_20260301T023238Z.json
https://www.senado.es/web/actividadparlamentaria/iniciativas/detalleiniciativa/index.html?legis=10&id1=610&id2=000131,detalleiniciativa,www.senado.es,/web/actividadparlamentaria/iniciativas/detalleiniciativa/index.html,10,610,000131,,1,1,docs/etl/sprints/AI-OPS-341/evidence/senado_retry_status404_recent-window_packet80_20260301T023238Z.json
https://www.senado.es/web/actividadparlamentaria/iniciativas/detalleiniciativa/index.html?legis=14&id1=622&id2=000064,detalleiniciativa,www.senado.es,/web/actividadparlamentaria/iniciativas/detalleiniciativa/index.html,14,622,000064,,1,1,docs/etl/sprints/AI-OPS-339/evidence/senado_retry_status404_recent-window_packet20_20260301T020240Z.json
https://www.senado.es/web/actividadparlamentaria/iniciativas/detalleiniciativa/index.html?legis=14&id1=624&id2=000017,detalleiniciativa,www.senado.es,/web/actividadparlamentaria/iniciativas/detalleiniciativa/index.html,14,624,000017,,1,1,docs/etl/sprints/AI-OPS-341/evidence/senado_retry_status404_recent-window_packet80_20260301T023238Z.json
https://www.senado.es/web/actividadparlamentaria/iniciativas/detalleiniciativa/index.html?legis=14&id1=624&id2=000019,detalleiniciativa,www.senado.es,/web/actividadparlamentaria/iniciativas/detalleiniciativa/index.html,14,624,000019,,1,1,docs/etl/sprints/AI-OPS-341/evidence/senado_retry_status404_recent-window_packet80_20260301T023238Z.json
https://www.senado.es/web/actividadparlamentaria/iniciativas/detalleiniciativa/index.html?legis=14&id1=626&id2=000001,detalleiniciativa,www.senado.es,/web/actividadparlamentaria/iniciativas/detalleiniciativa/index.html,14,626,000001,,1,1,docs/etl/sprints/AI-OPS-339/evidence/senado_retry_status404_recent-window_packet20_20260301T020240Z.json
https://www.senado.es/web/actividadparlamentaria/iniciativas/detalleiniciativa/index.html?legis=14&id1=626&id2=000003,detalleiniciativa,www.senado.es,/web/actividadparlamentaria/iniciativas/detalleiniciativa/index.html,14,626,000003,,1,1,docs/etl/sprints/AI-OPS-339/evidence/senado_retry_status404_recent-window_packet20_20260301T020240Z.json
https://www.senado.es/web/actividadparlamentaria/iniciativas/detalleiniciativa/index.html?legis=14&id1=626&id2=000008,detalleiniciativa,www.senado.es,/web/actividadparlamentaria/iniciativas/detalleiniciativa/index.html,14,626,000008,,1,1,docs/etl/sprints/AI-OPS-339/evidence/senado_retry_status404_recent-window_packet20_20260301T020240Z.json
https://www.senado.es/web/actividadparlamentaria/iniciativas/enmiendas/index.html?id1=610&id2=000002&legis=10,enmiendas_index,www.senado.es,/web/actividadparlamentaria/iniciativas/enmiendas/index.html,10,610,000002,,1,1,docs/etl/sprints/AI-OPS-341/evidence/senado_retry_status404_recent-window_packet80_20260301T023238Z.json
https://www.senado.es/web/actividadparlamentaria/iniciativas/enmiendas/index.html?id1=610&id2=000003&legis=10,enmiendas_index,www.senado.es,/web/actividadparlamentaria/iniciativas/enmiendas/index.html,10,610,000003,,1,1,docs/etl/sprints/AI-OPS-341/evidence/senado_retry_status404_recent-window_packet80_20260301T023238Z.json
https://www.senado.es/web/actividadparlamentaria/iniciativas/enmiendas/index.html?id1=610&id2=000004&legis=10,enmiendas_index,www.senado.es,/web/actividadparlamentaria/iniciativas/enmiendas/index.html,10,610,000004,,1,1,docs/etl/sprints/AI-OPS-341/evidence/senado_retry_status404_recent-window_packet80_20260301T023238Z.json
https://www.senado.es/web/actividadparlamentaria/iniciativas/enmiendas/index.html?id1=610&id2=000027&legis=10,enmiendas_index,www.senado.es,/web/actividadparlamentaria/iniciativas/enmiendas/index.html,10,610,000027,,1,1,docs/etl/sprints/AI-OPS-341/evidence/senado_retry_status404_recent-window_packet80_20260301T023238Z.json
https://www.senado.es/web/actividadparlamentaria/iniciativas/enmiendas/index.html?id1=610&id2=000028&legis=10,enmiendas_index,www.senado.es,/web/actividadparlamentaria/iniciativas/enmiendas/index.html,10,610,000028,,1,1,docs/etl/sprints/AI-OPS-341/evidence/senado_retry_status404_recent-window_packet80_20260301T023238Z.json
https://www.senado.es/web/actividadparlamentaria/iniciativas/enmiendas/index.html?id1=610&id2=000029&legis=10,enmiendas_index,www.senado.es,/web/actividadparlamentaria/iniciativas/enmiendas/index.html,10,610,000029,,1,1,docs/etl/sprints/AI-OPS-341/evidence/senado_retry_status404_recent-window_packet80_20260301T023238Z.json
https://www.senado.es/web/actividadparlamentaria/iniciativas/enmiendas/index.html?id1=610&id2=000030&legis=10,enmiendas_index,www.senado.es,/web/actividadparlamentaria/iniciativas/enmiendas/index.html,10,610,000030,,1,1,docs/etl/sprints/AI-OPS-341/evidence/senado_retry_status404_recent-window_packet80_20260301T023238Z.json
https://www.senado.es/web/actividadparlamentaria/iniciativas/enmiendas/index.html?id1=610&id2=000031&legis=10,enmiendas_index,www.senado.es,/web/actividadparlamentaria/iniciativas/enmiendas/index.html,10,610,000031,,1,1,docs/etl/sprints/AI-OPS-341/evidence/senado_retry_status404_recent-window_packet80_20260301T023238Z.json
https://www.senado.es/web/actividadparlamentaria/iniciativas/enmiendas/index.html?id1=610&id2=000032&legis=10,enmiendas_index,www.senado.es,/web/actividadparlamentaria/iniciativas/enmiendas/index.html,10,610,000032,,1,1,docs/etl/sprints/AI-OPS-341/evidence/senado_retry_status404_recent-window_packet80_20260301T023238Z.json
https://www.senado.es/web/actividadparlamentaria/iniciativas/enmiendas/index.html?id1=610&id2=000033&legis=10,enmiendas_index,www.senado.es,/web/actividadparlamentaria/iniciativas/enmiendas/index.html,10,610,000033,,1,1,docs/etl/sprints/AI-OPS-341/evidence/senado_retry_status404_recent-window_packet80_20260301T023238Z.json
https://www.senado.es/web/ficopendataservlet?legis=10&tipoFich=12&tipoEx=610&numEx=000002,ficopendataservlet,www.senado.es,/web/ficopendataservlet,10,610,000002,12,1,1,docs/etl/sprints/AI-OPS-342/evidence/senado_retry_status404_recent-window_packet80_20260301T030721Z.json
https://www.senado.es/web/ficopendataservlet?legis=10&tipoFich=12&tipoEx=610&numEx=000003,ficopendataservlet,www.senado.es,/web/ficopendataservlet,10,610,000003,12,1,1,docs/etl/sprints/AI-OPS-342/evidence/senado_retry_status404_recent-window_packet80_20260301T030721Z.json
https://www.senado.es/web/ficopendataservlet?legis=10&tipoFich=12&tipoEx=610&numEx=000004,ficopendataservlet,www.senado.es,/web/ficopendataservlet,10,610,000004,12,1,1,docs/etl/sprints/AI-OPS-342/evidence/senado_retry_status404_recent-window_packet80_20260301T030721Z.json
https://www.senado.es/web/ficopendataservlet?legis=10&tipoFich=12&tipoEx=610&numEx=000005,ficopendataservlet,www.senado.es,/web/ficopendataservlet,10,610,000005,12,1,1,docs/etl/sprints/AI-OPS-342/evidence/senado_retry_status404_recent-window_packet80_20260301T030721Z.json
https://www.senado.es/web/ficopendataservlet?legis=10&tipoFich=12&tipoEx=610&numEx=000006,ficopendataservlet,www.senado.es,/web/ficopendataservlet,10,610,000006,12,1,1,docs/etl/sprints/AI-OPS-342/evidence/senado_retry_status404_recent-window_packet80_20260301T030721Z.json
https://www.senado.es/web/ficopendataservlet?legis=10&tipoFich=12&tipoEx=610&numEx=000007,ficopendataservlet,www.senado.es,/web/ficopendataservlet,10,610,000007,12,1,1,docs/etl/sprints/AI-OPS-342/evidence/senado_retry_status404_recent-window_packet80_20260301T030721Z.json
https://www.senado.es/web/ficopendataservlet?legis=10&tipoFich=12&tipoEx=610&numEx=000008,ficopendataservlet,www.senado.es,/web/ficopendataservlet,10,610,000008,12,1,1,docs/etl/sprints/AI-OPS-342/evidence/senado_retry_status404_recent-window_packet80_20260301T030721Z.json
https://www.senado.es/web/ficopendataservlet?legis=10&tipoFich=12&tipoEx=610&numEx=000009,ficopendataservlet,www.senado.es,/web/ficopendataservlet,10,610,000009,12,1,1,docs/etl/sprints/AI-OPS-342/evidence/senado_retry_status404_recent-window_packet80_20260301T030721Z.json
https://www.senado.es/web/ficopendataservlet?legis=10&tipoFich=12&tipoEx=610&numEx=000010,ficopendataservlet,www.senado.es,/web/ficopendataservlet,10,610,000010,12,1,1,docs/etl/sprints/AI-OPS-342/evidence/senado_retry_status404_recent-window_packet80_20260301T030721Z.json
https://www.senado.es/web/ficopendataservlet?legis=10&tipoFich=12&tipoEx=610&numEx=000011,ficopendataservlet,www.senado.es,/web/ficopendataservlet,10,610,000011,12,1,1,docs/etl/sprints/AI-OPS-342/evidence/senado_retry_status404_recent-window_packet80_20260301T030721Z.json
https://www.senado.es/web/ficopendataservlet?legis=10&tipoFich=12&tipoEx=610&numEx=000012,ficopendataservlet,www.senado.es,/web/ficopendataservlet,10,610,000012,12,1,1,docs/etl/sprints/AI-OPS-342/evidence/senado_retry_status404_recent-window_packet80_20260301T030721Z.json
https://www.senado.es/web/ficopendataservlet?legis=10&tipoFich=12&tipoEx=610&numEx=000013,ficopendataservlet,www.senado.es,/web/ficopendataservlet,10,610,000013,12,1,1,docs/etl/sprints/AI-OPS-342/evidence/senado_retry_status404_recent-window_packet80_20260301T030721Z.json
https://www.senado.es/web/ficopendataservlet?legis=10&tipoFich=12&tipoEx=610&numEx=000014,ficopendataservlet,www.senado.es,/web/ficopendataservlet,10,610,000014,12,1,1,docs/etl/sprints/AI-OPS-342/evidence/senado_retry_status404_recent-window_packet80_20260301T030721Z.json
https://www.senado.es/web/ficopendataservlet?legis=10&tipoFich=12&tipoEx=610&numEx=000015,ficopendataservlet,www.senado.es,/web/ficopendataservlet,10,610,000015,12,1,1,docs/etl/sprints/AI-OPS-342/evidence/senado_retry_status404_recent-window_packet80_20260301T030721Z.json
https://www.senado.es/web/ficopendataservlet?legis=10&tipoFich=12&tipoEx=610&numEx=000016,ficopendataservlet,www.senado.es,/web/ficopendataservlet,10,610,000016,12,1,1,docs/etl/sprints/AI-OPS-342/evidence/senado_retry_status404_recent-window_packet80_20260301T030721Z.json
https://www.senado.es/web/ficopendataservlet?legis=10&tipoFich=12&tipoEx=610&numEx=000017,ficopendataservlet,www.senado.es,/web/ficopendataservlet,10,610,000017,12,1,1,docs/etl/sprints/AI-OPS-342/evidence/senado_retry_status404_recent-window_packet80_20260301T030721Z.json
https://www.senado.es/web/ficopendataservlet?legis=10&tipoFich=12&tipoEx=610&numEx=000018,ficopendataservlet,www.senado.es,/web/ficopendataservlet,10,610,000018,12,1,1,docs/etl/sprints/AI-OPS-342/evidence/senado_retry_status404_recent-window_packet80_20260301T030721Z.json
https://www.senado.es/web/ficopendataservlet?legis=10&tipoFich=12&tipoEx=610&numEx=000019,ficopendataservlet,www.senado.es,/web/ficopendataservlet,10,610,000019,12,1,1,docs/etl/sprints/AI-OPS-342/evidence/senado_retry_status404_recent-window_packet80_20260301T030721Z.json
https://www.senado.es/web/ficopendataservlet?legis=10&tipoFich=12&tipoEx=610&numEx=000020,ficopendataservlet,www.senado.es,/web/ficopendataservlet,10,610,000020,12,1,1,docs/etl/sprints/AI-OPS-342/evidence/senado_retry_status404_recent-window_packet80_20260301T030721Z.json
https://www.senado.es/web/ficopendataservlet?legis=10&tipoFich=12&tipoEx=610&numEx=000021,ficopendataservlet,www.senado.es,/web/ficopendataservlet,10,610,000021,12,1,1,docs/etl/sprints/AI-OPS-342/evidence/senado_retry_status404_recent-window_packet80_20260301T030721Z.json
https://www.senado.es/web/ficopendataservlet?legis=10&tipoFich=12&tipoEx=610&numEx=000022,ficopendataservlet,www.senado.es,/web/ficopendataservlet,10,610,000022,12,1,1,docs/etl/sprints/AI-OPS-342/evidence/senado_retry_status404_recent-window_packet80_20260301T030721Z.json
https://www.senado.es/web/ficopendataservlet?legis=10&tipoFich=12&tipoEx=610&numEx=000023,ficopendataservlet,www.senado.es,/web/ficopendataservlet,10,610,000023,12,1,1,docs/etl/sprints/AI-OPS-342/evidence/senado_retry_status404_recent-window_packet80_20260301T030721Z.json
https://www.senado.es/web/ficopendataservlet?legis=14&tipoFich=3&tipoEx=622&numEx=000026,ficopendataservlet,www.senado.es,/web/ficopendataservlet,14,622,000026,3,1,1,docs/etl/sprints/AI-OPS-339/evidence/senado_retry_status404_recent-window_packet20_20260301T020240Z.json
https://www.senado.es/web/ficopendataservlet?legis=14&tipoFich=3&tipoEx=622&numEx=000030,ficopendataservlet,www.senado.es,/web/ficopendataservlet,14,622,000030,3,1,1,docs/etl/sprints/AI-OPS-339/evidence/senado_retry_status404_recent-window_packet20_20260301T020240Z.json
https://www.senado.es/web/ficopendataservlet?legis=14&tipoFich=3&tipoEx=622&numEx=000034,ficopendataservlet,www.senado.es,/web/ficopendataservlet,14,622,000034,3,1,1,docs/etl/sprints/AI-OPS-339/evidence/senado_retry_status404_recent-window_packet20_20260301T020240Z.json
https://www.senado.es/web/ficopendataservlet?legis=14&tipoFich=3&tipoEx=622&numEx=000039,ficopendataservlet,www.senado.es,/web/ficopendataservlet,14,622,000039,3,1,1,docs/etl/sprints/AI-OPS-339/evidence/senado_retry_status404_recent-window_packet20_20260301T020240Z.json
https://www.senado.es/web/ficopendataservlet?legis=14&tipoFich=3&tipoEx=622&numEx=000044,ficopendataservlet,www.senado.es,/web/ficopendataservlet,14,622,000044,3,1,1,docs/etl/sprints/AI-OPS-339/evidence/senado_retry_status404_recent-window_packet20_20260301T020240Z.json
https://www.senado.es/web/ficopendataservlet?legis=14&tipoFich=3&tipoEx=622&numEx=000062,ficopendataservlet,www.senado.es,/web/ficopendataservlet,14,622,000062,3,1,1,docs/etl/sprints/AI-OPS-339/evidence/senado_retry_status404_recent-window_packet20_20260301T020240Z.json
https://www.senado.es/web/ficopendataservlet?legis=14&tipoFich=3&tipoEx=622&numEx=000064,ficopendataservlet,www.senado.es,/web/ficopendataservlet,14,622,000064,3,1,1,docs/etl/sprints/AI-OPS-339/evidence/senado_retry_status404_recent-window_packet20_20260301T020240Z.json
https://www.senado.es/web/ficopendataservlet?legis=14&tipoFich=3&tipoEx=622&numEx=000071,ficopendataservlet,www.senado.es,/web/ficopendataservlet,14,622,000071,3,1,1,docs/etl/sprints/AI-OPS-339/evidence/senado_retry_status404_recent-window_packet20_20260301T020240Z.json
https://www.senado.es/web/ficopendataservlet?legis=14&tipoFich=3&tipoEx=622&numEx=000074,ficopendataservlet,www.senado.es,/web/ficopendataservlet,14,622,000074,3,1,1,docs/etl/sprints/AI-OPS-339/evidence/senado_retry_status404_recent-window_packet20_20260301T020240Z.json
https://www.senado.es/web/ficopendataservlet?legis=14&tipoFich=3&tipoEx=626&numEx=000008,ficopendataservlet,www.senado.es,/web/ficopendataservlet,14,626,000008,3,1,1,docs/etl/sprints/AI-OPS-339/evidence/senado_retry_status404_recent-window_packet20_20260301T020240Z.json
