initiative_source_id,initiative_id,doc_kind,doc_url,source_record_pk,attempts,fetched_ok,last_http_status,last_attempt_at
senado_iniciativas,senado:leg10:exp:610/000132,ds,https://www.senado.es/web/actividadparlamentaria/iniciativas/detalleiniciativa/index.html?legis=10&id1=610&id2=000132,,8,,404,2026-03-01T02:02:55+00:00
senado_iniciativas,senado:leg10:exp:610/000133,ds,https://www.senado.es/web/actividadparlamentaria/iniciativas/detalleiniciativa/index.html?legis=10&id1=610&id2=000133,,8,,404,2026-03-01T02:02:55+00:00
senado_iniciativas,senado:leg10:exp:610/000134,ds,https://www.senado.es/web/actividadparlamentaria/iniciativas/detalleiniciativa/index.html?legis=10&id1=610&id2=000134,,8,,404,2026-03-01T02:02:55+00:00
senado_iniciativas,senado:leg10:exp:610/000135,ds,https://www.senado.es/web/actividadparlamentaria/iniciativas/detalleiniciativa/index.html?legis=10&id1=610&id2=000135,,8,,404,2026-03-01T02:02:55+00:00
senado_iniciativas,senado:leg10:exp:610/000137,ds,https://www.senado.es/web/actividadparlamentaria/iniciativas/detalleiniciativa/index.html?legis=10&id1=610&id2=000137,,8,,404,2026-03-01T02:02:55+00:00
senado_iniciativas,senado:leg10:exp:610/000138,ds,https://www.senado.es/web/actividadparlamentaria/iniciativas/detalleiniciativa/index.html?legis=10&id1=610&id2=000138,,8,,404,2026-03-01T02:02:55+00:00
senado_iniciativas,senado:leg10:exp:610/000139,ds,https://www.senado.es/web/actividadparlamentaria/iniciativas/detalleiniciativa/index.html?legis=10&id1=610&id2=000139,,8,,404,2026-03-01T02:02:55+00:00
senado_iniciativas,senado:leg14:exp:605/000004,ds,https://www.senado.es/web/actividadparlamentaria/iniciativas/enmiendas/index.html?id1=605&id2=000004&legis=14,,8,,404,2026-03-01T02:02:55+00:00
senado_iniciativas,senado:leg14:exp:622/000055,ds,https://www.senado.es/web/ficopendataservlet?legis=14&tipoFich=12&tipoEx=622&numEx=000055,,8,,404,2026-03-01T02:02:55+00:00
