party_name,evidence_id,source_url,stance,stance_method,excerpt
BNG,1560538,https://www.bng.gal/media/bnggaliza/files/2023/07/05/23_bng_xerais_programa.pdf,unclear,declared:regex_v3,"actividade de explotacion na galiza e situan o seu domicilio social 7 a economia ao servizo das maiorias sociais 39 que galiza conte con mais forza noutras partes do estado deben tributar aqui polo imposto de sociedades estabelecer a sua progresividade en funcion da dimension da empresa deducions inversamente proporcionais aos tipos de gr"
BNG,1560545,https://www.bng.gal/media/bnggaliza/files/2023/07/05/23_bng_xerais_programa.pdf,unclear,programa_metadata,"traballadoras e impulsaron o goberno a actuar para evitar o fechamento da empresa mais tamen as numerosas emendas presentadas que ainda que fose parcialmente contribuiron a mellorar diversas leis como exemplo na lei de pesca foron incorporadas tres propostas do bng moi relevantes a obrigacion por parte do goberno de estabelecer un mecanis"
BNG,1561393,https://www.bng.gal/media/bnggaliza/files/2023/07/05/23_bng_xerais_programa.pdf,unclear,programa_metadata,"a laboral do pp non derrogada na sua totalidade e so moi parcialmente modificada os novos recortes en pensions a escalada belicista e o aumento do gasto militar ou a proteccion da corrupcion da monarquia o psoe votou reiteradamente con pp e vox para rexeitar as comisions de investigacion que propuxemos o bng e outras forzas soberanistas e"
BNG,1560437,https://www.bng.gal/media/bnggaliza/files/2024/05/14/24_bng_programa_europeas_2.pdf,unclear,programa_metadata,"populares e traballadoras asi o aumento continuado das taxas de xuro por parte do bce do 0 en 2012 ao 45 actual un tipo nunca visto desde o ano 2001 provocaron o aumento das cotas hipotecarias afogando familias e tecido produtivo mentres as entidades financeiras atinxian record de lucros a ue non quixo despregar ningunha medida efectiva e"
BNG,1560438,https://www.bng.gal/media/bnggaliza/files/2024/05/14/24_bng_programa_europeas_2.pdf,unclear,programa_metadata,"ses das grandes transnacionais que exercen un forte poder lobistico sobre o seu deseno como esta a acontecer na galiza cos macroproxectos de enerxia eolica terrestre e marina ao amparo de politicas europeas que non tenen en conta a nosa especificidade ou coa megacelulosa proxectada pola empresa greenfiber altri greenalia na ulloa o pacto "
BNG,1560443,https://www.bng.gal/media/bnggaliza/files/2024/05/14/24_bng_programa_europeas_2.pdf,unclear,programa_metadata,"belicista cada vez mais desenfreada outra mostra do fracasado modelo neoliberal da ue son os fluxos migratorios que non paran de exacerbarse non so provocando a chegada masiva de inmigrantes extracomunitarias que foxen de guerras e miseria nos seus paises de orixe provocadas en parte directa ou indirectamente polas politicas europeas no p"
BNG,1560495,https://www.bng.gal/media/bnggaliza/files/2024/05/14/24_bng_programa_europeas_2.pdf,unclear,programa_metadata,"populares e traballadoras asi o aumento continuado das taxas de xuro por parte do bce do 0 en 2012 ao 45 actual un tipo nunca visto desde o ano 2001 provocaron o aumento das cotas hipotecarias afogando familias e tecido produtivo mentres as entidades financeiras atinxian record de lucros a ue non quixo despregar ningunha medida efectiva e"
BNG,1560496,https://www.bng.gal/media/bnggaliza/files/2024/05/14/24_bng_programa_europeas_2.pdf,unclear,programa_metadata,"ses das grandes transnacionais que exercen un forte poder lobistico sobre o seu deseno como esta a acontecer na galiza cos macroproxectos de enerxia eolica terrestre e marina ao amparo de politicas europeas que non tenen en conta a nosa especificidade ou coa megacelulosa proxectada pola empresa greenfiber altri greenalia na ulloa o pacto "
BNG,1560501,https://www.bng.gal/media/bnggaliza/files/2024/05/14/24_bng_programa_europeas_2.pdf,unclear,programa_metadata,"belicista cada vez mais desenfreada outra mostra do fracasado modelo neoliberal da ue son os fluxos migratorios que non paran de exacerbarse non so provocando a chegada masiva de inmigrantes extracomunitarias que foxen de guerras e miseria nos seus paises de orixe provocadas en parte directa ou indirectamente polas politicas europeas no p"
BNG,1560808,https://www.bng.gal/media/bnggaliza/files/2024/05/14/24_bng_programa_europeas_2.pdf,unclear,programa_metadata,"remo nun cadro de evidente emerxencia sanitaria a ue permitiu na practica unha intervencion publica efectiva senon que relegou o papel do publico a medidas de control en termos de seguridade e a ser o financiador a cargo de debeda publica dun gran negocio que se esta a demostrar que estivo atravesado por un afan especulativo e tramas corr"
BNG,1560809,https://www.bng.gal/media/bnggaliza/files/2024/05/14/24_bng_programa_europeas_2.pdf,unclear,programa_metadata,"e por unha europa socialmente xusta a union europea conta cun deseno neoliberal antisocial feito a medida dos intereses das elites economicas e empresariais que provoca fondas desigualdades economicas territoriais e sociais apos a pandemia da covid 19 e no que respecta ao capitalismo europeo asistimos a acumulacion de crises economicas so"
BNG,1560822,https://www.bng.gal/media/bnggaliza/files/2024/05/14/24_bng_programa_europeas_2.pdf,unclear,programa_metadata,"remo nun cadro de evidente emerxencia sanitaria a ue permitiu na practica unha intervencion publica efectiva senon que relegou o papel do publico a medidas de control en termos de seguridade e a ser o financiador a cargo de debeda publica dun gran negocio que se esta a demostrar que estivo atravesado por un afan especulativo e tramas corr"
BNG,1560823,https://www.bng.gal/media/bnggaliza/files/2024/05/14/24_bng_programa_europeas_2.pdf,unclear,programa_metadata,"e por unha europa socialmente xusta a union europea conta cun deseno neoliberal antisocial feito a medida dos intereses das elites economicas e empresariais que provoca fondas desigualdades economicas territoriais e sociais apos a pandemia da covid 19 e no que respecta ao capitalismo europeo asistimos a acumulacion de crises economicas so"
BNG,1561341,https://www.bng.gal/media/bnggaliza/files/2024/05/14/24_bng_programa_europeas_2.pdf,unclear,programa_metadata,"produtivo mentres as entidades financeiras atinxian record de lucros a ue non quixo despregar ningunha medida efectiva e real para combater a carestia da vida empurrada pola crise inflacionaria nin o crecente empobrecemento social o horizonte que trazan reformas en curso como a da denominada gobernanza economica da ue e a recuperacion con"
BNG,1561343,https://www.bng.gal/media/bnggaliza/files/2024/05/14/24_bng_programa_europeas_2.pdf,unclear,programa_metadata,"de control en termos de seguridade e a ser o financiador a cargo de debeda publica dun gran negocio que se esta a demostrar que estivo atravesado por un afan especulativo e tramas corruptas diante dos graves efectos economicos e sociais que se derivaron da pandemia a ue deu unha resposta aparentemente distinta da despregada na crise de 20"
BNG,1561346,https://www.bng.gal/media/bnggaliza/files/2024/05/14/24_bng_programa_europeas_2.pdf,unclear,programa_metadata,"produtivo mentres as entidades financeiras atinxian record de lucros a ue non quixo despregar ningunha medida efectiva e real para combater a carestia da vida empurrada pola crise inflacionaria nin o crecente empobrecemento social o horizonte que trazan reformas en curso como a da denominada gobernanza economica da ue e a recuperacion con"
BNG,1561348,https://www.bng.gal/media/bnggaliza/files/2024/05/14/24_bng_programa_europeas_2.pdf,unclear,programa_metadata,"de control en termos de seguridade e a ser o financiador a cargo de debeda publica dun gran negocio que se esta a demostrar que estivo atravesado por un afan especulativo e tramas corruptas diante dos graves efectos economicos e sociais que se derivaron da pandemia a ue deu unha resposta aparentemente distinta da despregada na crise de 20"
VOX,1560856,https://www.voxespana.es/wp-content/uploads/2025/10/Programa-WEB-021025.pdf,unclear,programa_metadata,"razon es bien sencilla la vivienda en propiedad fue uno de los pilares del bienestar espanol y de la expansion de las clases medias hoy todos los indicadores de precariedad en el empleo falta de vertebracion territorial desplome de la produccion industrial fiscalidad salvaje imposibilidad de ahorro etc culminan en la dificultad de acceso "
VOX,1560859,https://www.voxespana.es/wp-content/uploads/2025/10/Programa-WEB-021025.pdf,unclear,programa_metadata,"cacion dicen que seguimos necesitando cientos de miles de inmigrantes mas cada ano 12 vivienda en espana hay un desajuste entre la gente que busca casa y los pisos disponibles tenemos una oferta raquitica y un exceso de demanda ambos factores combinados llevan a precios de record y ambos factores son producto de las politicas bipartidista"
VOX,1560860,https://www.voxespana.es/wp-content/uploads/2025/10/Programa-WEB-021025.pdf,unclear,programa_metadata,"programa economico y de vivienda hay mas estamos sacrificando nuestra industria del automovil para entregarsela a china la imposicion de una transicion acelerada hacia el vehiculo electrico pone en peligro el futuro de nuestra industria automovilistica que empleo en 2024 a 221 millones de personas el mercado se esta llenando de vehiculos "
VOX,1560861,https://www.voxespana.es/wp-content/uploads/2025/10/Programa-WEB-021025.pdf,unclear,programa_metadata,"n desembolso extra tarjeta sanitaria privada si quieren ser atendidos pronto colegios de pago o actividades extraescolares para que sus hijos no pierdan comba gasto en seguridad o transporte privado de vuelta a casa el sobrecoste de la inmigracion se estima en mas de 30000 millones de euros anuales ni nos pagan las pensiones ni salvan nue"
VOX,1560863,https://www.voxespana.es/wp-content/uploads/2025/10/Programa-WEB-021025.pdf,unclear,programa_metadata,"pana se ha producido una reduccion drastica de la tasa de nacimientos estando a la cola de europa en fertilidad a pesar de ello la poblacion crece cada ano como consecuencia de la inmigracion ilegal masiva que afecta de forma transversal a todos los cimientos del pais sostenibilidad del estado de bienestar condiciones de trabajo acceso a "
VOX,1561006,https://www.voxespana.es/wp-content/uploads/2025/10/Programa-WEB-021025.pdf,unclear,programa_metadata,"razon es bien sencilla la vivienda en propiedad fue uno de los pilares del bienestar espanol y de la expansion de las clases medias hoy todos los indicadores de precariedad en el empleo falta de vertebracion territorial desplome de la produccion industrial fiscalidad salvaje imposibilidad de ahorro etc culminan en la dificultad de acceso "
VOX,1561009,https://www.voxespana.es/wp-content/uploads/2025/10/Programa-WEB-021025.pdf,unclear,programa_metadata,"cacion dicen que seguimos necesitando cientos de miles de inmigrantes mas cada ano 12 vivienda en espana hay un desajuste entre la gente que busca casa y los pisos disponibles tenemos una oferta raquitica y un exceso de demanda ambos factores combinados llevan a precios de record y ambos factores son producto de las politicas bipartidista"
VOX,1561010,https://www.voxespana.es/wp-content/uploads/2025/10/Programa-WEB-021025.pdf,unclear,programa_metadata,"programa economico y de vivienda hay mas estamos sacrificando nuestra industria del automovil para entregarsela a china la imposicion de una transicion acelerada hacia el vehiculo electrico pone en peligro el futuro de nuestra industria automovilistica que empleo en 2024 a 221 millones de personas el mercado se esta llenando de vehiculos "
VOX,1561011,https://www.voxespana.es/wp-content/uploads/2025/10/Programa-WEB-021025.pdf,unclear,programa_metadata,"n desembolso extra tarjeta sanitaria privada si quieren ser atendidos pronto colegios de pago o actividades extraescolares para que sus hijos no pierdan comba gasto en seguridad o transporte privado de vuelta a casa el sobrecoste de la inmigracion se estima en mas de 30000 millones de euros anuales ni nos pagan las pensiones ni salvan nue"
VOX,1561013,https://www.voxespana.es/wp-content/uploads/2025/10/Programa-WEB-021025.pdf,unclear,programa_metadata,"pana se ha producido una reduccion drastica de la tasa de nacimientos estando a la cola de europa en fertilidad a pesar de ello la poblacion crece cada ano como consecuencia de la inmigracion ilegal masiva que afecta de forma transversal a todos los cimientos del pais sostenibilidad del estado de bienestar condiciones de trabajo acceso a "
VOX,1561146,https://www.voxespana.es/wp-content/uploads/2025/10/Programa-WEB-021025.pdf,unclear,programa_metadata,"razon es bien sencilla la vivienda en propiedad fue uno de los pilares del bienestar espanol y de la expansion de las clases medias hoy todos los indicadores de precariedad en el empleo falta de vertebracion territorial desplome de la produccion industrial fiscalidad salvaje imposibilidad de ahorro etc culminan en la dificultad de acceso "
VOX,1561149,https://www.voxespana.es/wp-content/uploads/2025/10/Programa-WEB-021025.pdf,unclear,programa_metadata,"cacion dicen que seguimos necesitando cientos de miles de inmigrantes mas cada ano 12 vivienda en espana hay un desajuste entre la gente que busca casa y los pisos disponibles tenemos una oferta raquitica y un exceso de demanda ambos factores combinados llevan a precios de record y ambos factores son producto de las politicas bipartidista"
VOX,1561150,https://www.voxespana.es/wp-content/uploads/2025/10/Programa-WEB-021025.pdf,unclear,programa_metadata,"programa economico y de vivienda hay mas estamos sacrificando nuestra industria del automovil para entregarsela a china la imposicion de una transicion acelerada hacia el vehiculo electrico pone en peligro el futuro de nuestra industria automovilistica que empleo en 2024 a 221 millones de personas el mercado se esta llenando de vehiculos "
VOX,1561151,https://www.voxespana.es/wp-content/uploads/2025/10/Programa-WEB-021025.pdf,unclear,programa_metadata,"n desembolso extra tarjeta sanitaria privada si quieren ser atendidos pronto colegios de pago o actividades extraescolares para que sus hijos no pierdan comba gasto en seguridad o transporte privado de vuelta a casa el sobrecoste de la inmigracion se estima en mas de 30000 millones de euros anuales ni nos pagan las pensiones ni salvan nue"
VOX,1561153,https://www.voxespana.es/wp-content/uploads/2025/10/Programa-WEB-021025.pdf,unclear,programa_metadata,"pana se ha producido una reduccion drastica de la tasa de nacimientos estando a la cola de europa en fertilidad a pesar de ello la poblacion crece cada ano como consecuencia de la inmigracion ilegal masiva que afecta de forma transversal a todos los cimientos del pais sostenibilidad del estado de bienestar condiciones de trabajo acceso a "
